,price,size_standar,rooms_standar,bathrooms_standar,municipality_standar,distance_standar,floor_standar,hasLift_standar,propertyType_chalet_standar,propertyType_countryHouse_standar,propertyType_duplex_standar,propertyType_flat_standar,propertyType_penthouse_standar,propertyType_studio_standar,exterior_True_standar
0,750.0,0.16946367311920926,-0.5492285645517079,-0.29587512153286505,0.775806783684318,-0.6657284671177661,0.4627691275810426,0.9219909898934718,-0.05572782125753528,-0.05572782125753528,-0.20478155158843717,0.5115845482420279,-0.13757705039341656,-0.4075107139075714,0.4727418412673544
1,750.0,0.7325991300894206,0.5595266001370525,-0.29587512153286505,0.2063478631504058,0.06956025613838611,-0.9816184488002521,-0.7895210200811913,-0.05572782125753528,-0.05572782125753528,-0.20478155158843717,0.5115845482420279,-0.13757705039341656,-0.4075107139075714,0.4727418412673544
2,590.0,0.7325991300894206,1.6682817648258128,3.3798042728946487,-2.740362258734449,3.3351689676485545,-1.609362511201668,-0.7895210200811913,-0.05572782125753528,-0.05572782125753528,-0.20478155158843717,0.5115845482420279,-0.13757705039341656,-0.4075107139075714,0.4727418412673544
3,684.0,-0.6752395123361077,-1.6579837292404682,-0.29587512153286505,0.775806783684318,-0.3735666435051163,-1.609362511201668,-2.5010330300558543,-0.05572782125753528,-0.05572782125753528,-0.20478155158843717,-1.9547111097008836,-0.13757705039341656,2.453923212008636,0.4727418412673544
4,600.0,0.9015397671804839,0.5595266001370525,-0.29587512153286505,-2.5651379501390448,1.758189398030013,0.4627691275810426,-0.7895210200811913,-0.05572782125753528,-0.05572782125753528,-0.20478155158843717,0.5115845482420279,-0.13757705039341656,-0.4075107139075714,0.4727418412673544
5,600.0,0.7889126757864416,-0.5492285645517079,-0.29587512153286505,-2.349855581911866,2.328466027485597,0.7716511905640407,-0.7895210200811913,-0.05572782125753528,-0.05572782125753528,4.883252384031963,-1.9547111097008836,-0.13757705039341656,-0.4075107139075714,0.4727418412673544
6,700.0,-1.632569789185467,-1.6579837292404682,-0.29587512153286505,0.775806783684318,-0.7842400883013445,0.7716511905640407,-0.7895210200811913,-0.05572782125753528,-0.05572782125753528,-0.20478155158843717,-1.9547111097008836,-0.13757705039341656,2.453923212008636,0.4727418412673544
7,700.0,1.6336158612417586,0.5595266001370525,-0.29587512153286505,-0.8128948641849979,1.2811559037699554,0.4627691275810426,0.9219909898934718,-0.05572782125753528,-0.05572782125753528,4.883252384031963,-1.9547111097008836,-0.13757705039341656,-0.4075107139075714,0.4727418412673544
8,700.0,-0.6752395123361077,-0.5492285645517079,-0.29587512153286505,0.775806783684318,-1.068651833144496,0.5123734563962612,-0.7895210200811913,-0.05572782125753528,-0.05572782125753528,-0.20478155158843717,0.5115845482420279,-0.13757705039341656,-0.4075107139075714,-2.115319425331891
9,695.0,0.3947178559072938,0.5595266001370525,-0.29587512153286505,0.2063478631504058,0.03742972123984102,0.7716511905640407,-0.7895210200811913,-0.05572782125753528,-0.05572782125753528,-0.20478155158843717,0.5115845482420279,-0.13757705039341656,-0.4075107139075714,0.4727418412673544
10,650.0,0.6199720386953783,0.5595266001370525,-0.29587512153286505,-1.2792867718049095,2.1899333694808147,-0.9816184488002521,-0.7895210200811913,-0.05572782125753528,-0.05572782125753528,-0.20478155158843717,0.5115845482420279,-0.13757705039341656,-0.4075107139075714,0.4727418412673544
11,700.0,-1.5199426977914245,-0.5492285645517079,-0.29587512153286505,0.775806783684318,-0.9716951185385849,0.7716511905640407,0.9219909898934718,-0.05572782125753528,-0.05572782125753528,-0.20478155158843717,0.5115845482420279,-0.13757705039341656,-0.4075107139075714,-2.115319425331891
12,700.0,-1.238374969306319,-0.5492285645517079,-0.29587512153286505,0.775806783684318,-1.0809227911962018,0.7716511905640407,-0.7895210200811913,-0.05572782125753528,-0.05572782125753528,-0.20478155158843717,0.5115845482420279,-0.13757705039341656,-0.4075107139075714,-2.115319425331891
13,700.0,-0.7878666037301499,-0.5492285645517079,-0.29587512153286505,0.775806783684318,-0.8752227838557674,0.3449325241487583,0.9219909898934718,-0.05572782125753528,-0.05572782125753528,-0.20478155158843717,0.5115845482420279,-0.13757705039341656,-0.4075107139075714,0.4727418412673544
14,650.0,0.16946367311920926,0.5595266001370525,-0.29587512153286505,0.775806783684318,-0.9121163879980666,0.7716511905640407,-0.7895210200811913,-0.05572782125753528,-0.05572782125753528,-0.20478155158843717,0.5115845482420279,-0.13757705039341656,-0.4075107139075714,0.4727418412673544
15,695.0,-0.9568072408212134,-0.5492285645517079,-0.29587512153286505,0.775806783684318,-1.0504875860284844,1.4603762442268509,0.9219909898934718,-0.05572782125753528,-0.05572782125753528,-0.20478155158843717,0.5115845482420279,-0.13757705039341656,-0.4075107139075714,-2.115319425331891
16,675.0,-0.9568072408212134,-0.5492285645517079,-0.29587512153286505,-1.0254173245072096,0.6678501911462192,-0.9816184488002521,-0.7895210200811913,-0.05572782125753528,-0.05572782125753528,-0.20478155158843717,0.5115845482420279,-0.13757705039341656,-0.4075107139075714,0.4727418412673544
17,750.0,-0.6752395123361077,-1.6579837292404682,-0.29587512153286505,0.775806783684318,-1.1509156900832334,-0.9816184488002521,0.9219909898934718,-0.05572782125753528,-0.05572782125753528,-0.20478155158843717,-1.9547111097008836,-0.13757705039341656,2.453923212008636,-2.115319425331891
18,750.0,2.3656919553030336,1.6682817648258128,3.3798042728946487,-2.448382024899382,2.277283215612035,0.7716511905640407,0.9219909898934718,-0.05572782125753528,-0.05572782125753528,-0.20478155158843717,0.5115845482420279,-0.13757705039341656,-0.4075107139075714,0.4727418412673544
19,680.0,-1.0694343322152555,-0.5492285645517079,-0.29587512153286505,0.775806783684318,-1.0246539901301568,0.7716511905640407,0.9219909898934718,-0.05572782125753528,-0.05572782125753528,-0.20478155158843717,0.5115845482420279,-0.13757705039341656,-0.4075107139075714,-2.115319425331891
20,750.0,-0.3373582381539809,-0.5492285645517079,-0.29587512153286505,0.775806783684318,-0.27346145939909644,0.7716511905640407,0.9219909898934718,-0.05572782125753528,-0.05572782125753528,-0.20478155158843717,0.5115845482420279,-0.13757705039341656,-0.4075107139075714,0.4727418412673544
21,750.0,0.16946367311920926,-0.5492285645517079,-0.29587512153286505,0.06322667879201009,0.48701501985792534,0.3449325241487583,-0.7895210200811913,-0.05572782125753528,-0.05572782125753528,-0.20478155158843717,-1.9547111097008836,7.268654162452175,-0.4075107139075714,0.4727418412673544
22,750.0,-1.8015104262765302,-1.6579837292404682,-0.29587512153286505,0.775806783684318,-1.1907963037512768,1.4603762442268509,0.9219909898934718,-0.05572782125753528,-0.05572782125753528,-0.20478155158843717,-1.9547111097008836,-0.13757705039341656,2.453923212008636,-2.115319425331891
23,750.0,-0.9568072408212134,-0.5492285645517079,-0.29587512153286505,0.775806783684318,-1.0732534424138858,0.7716511905640407,-0.7895210200811913,-0.05572782125753528,-0.05572782125753528,-0.20478155158843717,0.5115845482420279,-0.13757705039341656,-0.4075107139075714,-2.115319425331891
24,650.0,0.2820907645132515,0.5595266001370525,-0.29587512153286505,0.775806783684318,-0.6008215574232179,0.7716511905640407,-0.7895210200811913,-0.05572782125753528,-0.05572782125753528,-0.20478155158843717,0.5115845482420279,-0.13757705039341656,-0.4075107139075714,0.4727418412673544
25,750.0,-1.5199426977914245,-1.6579837292404682,-0.29587512153286505,0.775806783684318,-1.1583428489040026,0.4627691275810426,-0.7895210200811913,-0.05572782125753528,-0.05572782125753528,-0.20478155158843717,-1.9547111097008836,-0.13757705039341656,2.453923212008636,0.4727418412673544
26,750.0,-1.0131207865182346,-0.5492285645517079,-0.29587512153286505,0.775806783684318,-1.0694591330163188,0.5123734563962612,-0.7895210200811913,-0.05572782125753528,-0.05572782125753528,-0.20478155158843717,0.5115845482420279,-0.13757705039341656,-0.4075107139075714,-2.115319425331891
27,700.0,0.2820907645132515,0.5595266001370525,-0.29587512153286505,0.775806783684318,-0.5482663357675573,0.4627691275810426,-0.7895210200811913,-0.05572782125753528,-0.05572782125753528,-0.20478155158843717,0.5115845482420279,-0.13757705039341656,-0.4075107139075714,0.4727418412673544
28,747.0,2.19675131821197,1.6682817648258128,3.3798042728946487,-0.8303458092954011,0.9144803019880665,0.7716511905640407,0.9219909898934718,-0.05572782125753528,-0.05572782125753528,-0.20478155158843717,0.5115845482420279,-0.13757705039341656,-0.4075107139075714,0.4727418412673544
29,640.0,-1.238374969306319,-1.6579837292404682,-0.29587512153286505,0.775806783684318,-0.6425589607964535,0.7716511905640407,0.9219909898934718,-0.05572782125753528,-0.05572782125753528,-0.20478155158843717,-1.9547111097008836,-0.13757705039341656,2.453923212008636,0.4727418412673544
30,750.0,-1.5199426977914245,-0.5492285645517079,-0.29587512153286505,0.775806783684318,-1.0616283242596383,0.6684448169023727,0.9219909898934718,-0.05572782125753528,-0.05572782125753528,-0.20478155158843717,0.5115845482420279,-0.13757705039341656,-0.4075107139075714,-2.115319425331891
31,750.0,0.7325991300894206,0.5595266001370525,-0.29587512153286505,-0.035412134619337156,1.083367435173384,0.3449325241487583,0.9219909898934718,-0.05572782125753528,-0.05572782125753528,-0.20478155158843717,0.5115845482420279,-0.13757705039341656,-0.4075107139075714,0.4727418412673544
32,625.0,-0.2810446924569598,0.5595266001370525,-0.29587512153286505,-2.1270771786505254,2.031298944667646,0.3449325241487583,-0.7895210200811913,-0.05572782125753528,-0.05572782125753528,-0.20478155158843717,0.5115845482420279,-0.13757705039341656,-0.4075107139075714,0.4727418412673544
33,700.0,-0.9568072408212134,-1.6579837292404682,-0.29587512153286505,0.775806783684318,-1.1183007752615945,0.4627691275810426,0.9219909898934718,-0.05572782125753528,-0.05572782125753528,-0.20478155158843717,-1.9547111097008836,-0.13757705039341656,2.453923212008636,0.4727418412673544
34,750.0,-0.9568072408212134,-1.6579837292404682,-0.29587512153286505,0.775806783684318,-1.0387010078998724,-0.10388935444675079,0.9219909898934718,-0.05572782125753528,-0.05572782125753528,-0.20478155158843717,-1.9547111097008836,-0.13757705039341656,2.453923212008636,0.4727418412673544
35,650.0,-1.238374969306319,-0.5492285645517079,-0.29587512153286505,0.775806783684318,-1.1433270712880996,0.3449325241487583,0.9219909898934718,-0.05572782125753528,-0.05572782125753528,-0.20478155158843717,0.5115845482420279,-0.13757705039341656,-0.4075107139075714,-2.115319425331891
36,720.0,0.7325991300894206,1.6682817648258128,-0.29587512153286505,-0.035412134619337156,1.1153365100975645,0.3449325241487583,-0.7895210200811913,-0.05572782125753528,-0.05572782125753528,-0.20478155158843717,0.5115845482420279,-0.13757705039341656,-0.4075107139075714,0.4727418412673544
37,699.0,-0.2810446924569598,-0.5492285645517079,-0.29587512153286505,0.775806783684318,-0.6612883178227411,0.4627691275810426,0.9219909898934718,-0.05572782125753528,-0.05572782125753528,-0.20478155158843717,0.5115845482420279,-0.13757705039341656,-0.4075107139075714,0.4727418412673544
38,750.0,0.45103140160431493,0.5595266001370525,-0.29587512153286505,-1.933801679062233,-0.17779642458810166,-1.609362511201668,0.9219909898934718,-0.05572782125753528,-0.05572782125753528,-0.20478155158843717,0.5115845482420279,-0.13757705039341656,-0.4075107139075714,0.4727418412673544
39,695.0,0.45103140160431493,0.5595266001370525,-0.29587512153286505,-0.39444969708438243,-0.11135564513709009,-1.609362511201668,0.9219909898934718,-0.05572782125753528,-0.05572782125753528,-0.20478155158843717,0.5115845482420279,-0.13757705039341656,-0.4075107139075714,0.4727418412673544
40,750.0,1.1831074956655896,0.5595266001370525,3.3798042728946487,-0.8983384153614327,0.35808923032783363,-1.609362511201668,0.9219909898934718,-0.05572782125753528,-0.05572782125753528,-0.20478155158843717,0.5115845482420279,-0.13757705039341656,-0.4075107139075714,0.4727418412673544
41,620.0,0.16946367311920926,0.5595266001370525,-0.29587512153286505,0.775806783684318,-0.5895193592176995,-1.609362511201668,-0.7895210200811913,-0.05572782125753528,-0.05572782125753528,-0.20478155158843717,0.5115845482420279,-0.13757705039341656,-0.4075107139075714,0.4727418412673544
42,750.0,-0.6189259666390866,-0.5492285645517079,-0.29587512153286505,0.775806783684318,-1.1146679258383922,0.4627691275810426,0.9219909898934718,-0.05572782125753528,-0.05572782125753528,-0.20478155158843717,0.5115845482420279,-0.13757705039341656,-0.4075107139075714,-2.115319425331891
43,680.0,-0.11210405536589639,-1.6579837292404682,-0.29587512153286505,0.775806783684318,-0.8223446422513778,-0.9816184488002521,-0.7895210200811913,-0.05572782125753528,-0.05572782125753528,-0.20478155158843717,-1.9547111097008836,-0.13757705039341656,2.453923212008636,0.4727418412673544
44,700.0,-0.39367178385100204,-0.5492285645517079,3.3798042728946487,-0.8128948641849979,1.35373216224682,-1.609362511201668,-2.5010330300558543,-0.05572782125753528,-0.05572782125753528,-0.20478155158843717,0.5115845482420279,-0.13757705039341656,-0.4075107139075714,0.4727418412673544
45,750.0,-1.238374969306319,-0.5492285645517079,-0.29587512153286505,0.775806783684318,-0.9071111287927657,-1.609362511201668,-2.5010330300558543,-0.05572782125753528,-0.05572782125753528,4.883252384031963,-1.9547111097008836,-0.13757705039341656,-0.4075107139075714,0.4727418412673544
46,750.0,0.5073449473013361,0.5595266001370525,-0.29587512153286505,-0.21546788136271258,-0.15922852753617864,0.7716511905640407,0.9219909898934718,-0.05572782125753528,-0.05572782125753528,-0.20478155158843717,0.5115845482420279,-0.13757705039341656,-0.4075107139075714,0.4727418412673544
47,650.0,0.45103140160431493,-0.5492285645517079,-0.29587512153286505,-0.035412134619337156,1.1428654357267198,-0.10388935444675079,0.9219909898934718,-0.05572782125753528,-0.05572782125753528,-0.20478155158843717,0.5115845482420279,-0.13757705039341656,-0.4075107139075714,0.4727418412673544
48,600.0,-0.39367178385100204,-0.5492285645517079,-0.29587512153286505,-1.8575564301834004,0.7384081999435268,-1.609362511201668,0.9219909898934718,-0.05572782125753528,-0.05572782125753528,-0.20478155158843717,0.5115845482420279,-0.13757705039341656,-0.4075107139075714,0.4727418412673544
49,650.0,0.2257772188162304,-0.5492285645517079,-0.29587512153286505,-0.5484803112414847,1.5825209459213845,0.3449325241487583,0.9219909898934718,-0.05572782125753528,-0.05572782125753528,-0.20478155158843717,0.5115845482420279,-0.13757705039341656,-0.4075107139075714,0.4727418412673544
50,650.0,0.45103140160431493,0.5595266001370525,-0.29587512153286505,-0.21546788136271258,-0.30244352479753284,0.4627691275810426,-0.7895210200811913,-0.05572782125753528,-0.05572782125753528,-0.20478155158843717,0.5115845482420279,-0.13757705039341656,-0.4075107139075714,-2.115319425331891
51,700.0,-0.6752395123361077,-0.5492285645517079,-0.29587512153286505,0.775806783684318,-0.23915121484662996,0.4627691275810426,-0.7895210200811913,-0.05572782125753528,-0.05572782125753528,-0.20478155158843717,0.5115845482420279,-0.13757705039341656,-0.4075107139075714,0.4727418412673544
52,625.0,0.2820907645132515,0.5595266001370525,-0.29587512153286505,-0.4993203325829708,-0.29202935645101946,-0.9816184488002521,-0.7895210200811913,-0.05572782125753528,-0.05572782125753528,-0.20478155158843717,0.5115845482420279,-0.13757705039341656,-0.4075107139075714,0.4727418412673544
53,595.0,-0.6752395123361077,-0.5492285645517079,-0.29587512153286505,0.775806783684318,-0.8670690551503577,-0.9816184488002521,-0.7895210200811913,-0.05572782125753528,-0.05572782125753528,-0.20478155158843717,0.5115845482420279,-0.13757705039341656,-0.4075107139075714,0.4727418412673544
54,650.0,-0.11210405536589639,-0.5492285645517079,-0.29587512153286505,0.775806783684318,-0.38656417144146243,1.4603762442268509,0.9219909898934718,-0.05572782125753528,-0.05572782125753528,-0.20478155158843717,0.5115845482420279,-0.13757705039341656,-0.4075107139075714,0.4727418412673544
55,725.0,-0.39367178385100204,-0.5492285645517079,-0.29587512153286505,0.775806783684318,-0.6115586457184603,0.3449325241487583,0.9219909898934718,-0.05572782125753528,-0.05572782125753528,-0.20478155158843717,0.5115845482420279,-0.13757705039341656,-0.4075107139075714,0.4727418412673544
56,750.0,2.140437772514949,1.6682817648258128,-0.29587512153286505,-0.035412134619337156,1.0656068379932837,0.48778411895909657,0.9219909898934718,-0.05572782125753528,-0.05572782125753528,-0.20478155158843717,0.5115845482420279,-0.13757705039341656,-0.4075107139075714,0.4727418412673544
57,700.0,-1.5199426977914245,-0.5492285645517079,-0.29587512153286505,0.775806783684318,-0.2611097713602085,0.7716511905640407,0.9219909898934718,-0.05572782125753528,-0.05572782125753528,-0.20478155158843717,-1.9547111097008836,7.268654162452175,-0.4075107139075714,0.4727418412673544
58,700.0,-1.688883334882488,-0.5492285645517079,-0.29587512153286505,0.775806783684318,-1.1215299747488856,0.4627691275810426,-0.7895210200811913,-0.05572782125753528,-0.05572782125753528,-0.20478155158843717,0.5115845482420279,-0.13757705039341656,-0.4075107139075714,-2.115319425331891
59,650.0,0.11315012742218812,0.5595266001370525,-0.29587512153286505,-0.035412134619337156,1.2334444813452314,0.7716511905640407,0.9219909898934718,-0.05572782125753528,-0.05572782125753528,-0.20478155158843717,0.5115845482420279,-0.13757705039341656,-0.4075107139075714,0.4727418412673544
60,650.0,-0.11210405536589639,-0.5492285645517079,-0.29587512153286505,0.775806783684318,-0.40262943889073494,1.4603762442268509,0.9219909898934718,-0.05572782125753528,-0.05572782125753528,-0.20478155158843717,0.5115845482420279,-0.13757705039341656,-0.4075107139075714,0.4727418412673544
61,750.0,0.45103140160431493,0.5595266001370525,-0.29587512153286505,0.775806783684318,-0.7833520584423395,-1.609362511201668,0.9219909898934718,-0.05572782125753528,-0.05572782125753528,-0.20478155158843717,0.5115845482420279,-0.13757705039341656,-0.4075107139075714,0.4727418412673544
62,725.0,0.7325991300894206,0.5595266001370525,-0.29587512153286505,0.775806783684318,-0.9014600296900065,-1.609362511201668,0.9219909898934718,-0.05572782125753528,-0.05572782125753528,-0.20478155158843717,0.5115845482420279,-0.13757705039341656,-0.4075107139075714,0.4727418412673544
63,700.0,1.295734587059632,-0.5492285645517079,-0.29587512153286505,-0.035412134619337156,1.1444800354703655,0.7716511905640407,-0.7895210200811913,-0.05572782125753528,-0.05572782125753528,-0.20478155158843717,0.5115845482420279,-0.13757705039341656,-0.4075107139075714,0.4727418412673544
64,650.0,-0.9568072408212134,-0.5492285645517079,-0.29587512153286505,0.775806783684318,-0.24698202360331054,-0.9816184488002521,0.9219909898934718,-0.05572782125753528,-0.05572782125753528,-0.20478155158843717,0.5115845482420279,-0.13757705039341656,-0.4075107139075714,0.4727418412673544
65,695.0,1.8588700440298431,1.6682817648258128,-0.29587512153286505,0.775806783684318,-0.6098633159876325,-1.609362511201668,-0.7895210200811913,-0.05572782125753528,-0.05572782125753528,-0.20478155158843717,0.5115845482420279,-0.13757705039341656,-0.4075107139075714,0.4727418412673544
66,750.0,-0.11210405536589639,-0.5492285645517079,-0.29587512153286505,0.775806783684318,-0.7480730540436857,-1.609362511201668,-0.7895210200811913,-0.05572782125753528,-0.05572782125753528,-0.20478155158843717,0.5115845482420279,-0.13757705039341656,-0.4075107139075714,0.4727418412673544
67,650.0,0.45103140160431493,0.5595266001370525,-0.29587512153286505,0.775806783684318,-0.6235874138086192,-1.609362511201668,0.9219909898934718,-0.05572782125753528,-0.05572782125753528,-0.20478155158843717,0.5115845482420279,-0.13757705039341656,-0.4075107139075714,0.4727418412673544
68,666.0,0.7325991300894206,-0.5492285645517079,3.3798042728946487,-1.0254173245072096,0.7732835544062692,0.7716511905640407,0.9219909898934718,-0.05572782125753528,-0.05572782125753528,-0.20478155158843717,0.5115845482420279,-0.13757705039341656,-0.4075107139075714,0.4727418412673544
69,750.0,1.1831074956655896,0.5595266001370525,3.3798042728946487,-0.035412134619337156,1.1861367088564188,-1.609362511201668,0.9219909898934718,-0.05572782125753528,-0.05572782125753528,-0.20478155158843717,0.5115845482420279,-0.13757705039341656,-0.4075107139075714,0.4727418412673544
70,630.0,0.9578533128775051,1.6682817648258128,-0.29587512153286505,-2.0394650243528307,1.7114467354514762,-1.609362511201668,0.9219909898934718,-0.05572782125753528,-0.05572782125753528,-0.20478155158843717,0.5115845482420279,-0.13757705039341656,-0.4075107139075714,0.4727418412673544
71,635.0,-0.11210405536589639,-1.6579837292404682,-0.29587512153286505,-1.933801679062233,-0.060980133135351076,0.3449325241487583,0.9219909898934718,-0.05572782125753528,-0.05572782125753528,-0.20478155158843717,-1.9547111097008836,-0.13757705039341656,2.453923212008636,0.4727418412673544
72,725.0,0.6762855843923994,0.5595266001370525,-0.29587512153286505,-0.5484803112414847,1.6637353130267523,0.7716511905640407,0.9219909898934718,-0.05572782125753528,-0.05572782125753528,-0.20478155158843717,0.5115845482420279,-0.13757705039341656,-0.4075107139075714,0.4727418412673544
73,750.0,-1.238374969306319,-0.5492285645517079,-0.29587512153286505,0.775806783684318,-1.1644783279298554,0.7716511905640407,-0.7895210200811913,-0.05572782125753528,-0.05572782125753528,-0.20478155158843717,0.5115845482420279,-0.13757705039341656,-0.4075107139075714,-2.115319425331891
74,690.0,0.45103140160431493,0.5595266001370525,-0.29587512153286505,0.775806783684318,-0.852456927470366,0.4627691275810426,-0.7895210200811913,-0.05572782125753528,-0.05572782125753528,-0.20478155158843717,0.5115845482420279,-0.13757705039341656,-0.4075107139075714,0.4727418412673544
75,700.0,-1.5199426977914245,-1.6579837292404682,-0.29587512153286505,0.775806783684318,-1.1497854702626815,0.3449325241487583,0.9219909898934718,-0.05572782125753528,-0.05572782125753528,-0.20478155158843717,-1.9547111097008836,-0.13757705039341656,2.453923212008636,-2.115319425331891
76,730.0,0.3947178559072938,1.6682817648258128,-0.29587512153286505,-0.33646018595434896,0.3997459037138871,0.7716511905640407,-0.7895210200811913,-0.05572782125753528,-0.05572782125753528,-0.20478155158843717,0.5115845482420279,-0.13757705039341656,-0.4075107139075714,0.4727418412673544
77,750.0,-0.3373582381539809,-0.5492285645517079,-0.29587512153286505,0.775806783684318,-0.9564371509611351,0.7716511905640407,0.9219909898934718,-0.05572782125753528,-0.05572782125753528,-0.20478155158843717,0.5115845482420279,-0.13757705039341656,-0.4075107139075714,0.4727418412673544
78,750.0,-0.5062988752450444,-0.5492285645517079,-0.29587512153286505,0.1535035340765032,0.42323832998392885,1.4603762442268509,0.9219909898934718,-0.05572782125753528,-0.05572782125753528,-0.20478155158843717,0.5115845482420279,-0.13757705039341656,-0.4075107139075714,-2.115319425331891
79,690.0,-1.238374969306319,-0.5492285645517079,-0.29587512153286505,0.775806783684318,-0.8461599884701487,-1.609362511201668,-0.7895210200811913,-0.05572782125753528,-0.05572782125753528,-0.20478155158843717,0.5115845482420279,-0.13757705039341656,-0.4075107139075714,0.4727418412673544
80,750.0,0.9578533128775051,1.6682817648258128,-0.29587512153286505,-0.21546788136271258,-0.1829631437677672,1.4603762442268509,0.9219909898934718,-0.05572782125753528,-0.05572782125753528,-0.20478155158843717,0.5115845482420279,-0.13757705039341656,-0.4075107139075714,0.4727418412673544
81,700.0,-1.238374969306319,-0.5492285645517079,-0.29587512153286505,0.775806783684318,-1.1650434378401313,-0.9816184488002521,-0.7895210200811913,-0.05572782125753528,-0.05572782125753528,4.883252384031963,-1.9547111097008836,-0.13757705039341656,-0.4075107139075714,0.4727418412673544
82,720.0,-0.8441801494271711,-0.5492285645517079,-0.29587512153286505,0.775806783684318,-0.561102403729539,1.4603762442268509,0.9219909898934718,-0.05572782125753528,-0.05572782125753528,-0.20478155158843717,0.5115845482420279,-0.13757705039341656,-0.4075107139075714,0.4727418412673544
83,595.0,-0.11210405536589639,-0.5492285645517079,-0.29587512153286505,-2.6527501044367394,1.1637745024069288,0.7716511905640407,-0.7895210200811913,-0.05572782125753528,-0.05572782125753528,-0.20478155158843717,0.5115845482420279,-0.13757705039341656,-0.4075107139075714,0.4727418412673544
84,700.0,-0.6752395123361077,-0.5492285645517079,-0.29587512153286505,0.775806783684318,-1.1439729111855579,0.7716511905640407,-0.7895210200811913,-0.05572782125753528,-0.05572782125753528,-0.20478155158843717,0.5115845482420279,-0.13757705039341656,-0.4075107139075714,-2.115319425331891
85,700.0,1.0141668585745263,0.5595266001370525,-0.29587512153286505,-2.448382024899382,2.311432000190137,0.7716511905640407,-0.7895210200811913,-0.05572782125753528,-0.05572782125753528,-0.20478155158843717,0.5115845482420279,-0.13757705039341656,-0.4075107139075714,0.4727418412673544
86,675.0,1.6899294069387798,0.5595266001370525,3.3798042728946487,-2.349855581911866,2.3589012326533143,0.3449325241487583,-0.7895210200811913,-0.05572782125753528,-0.05572782125753528,4.883252384031963,-1.9547111097008836,-0.13757705039341656,-0.4075107139075714,0.4727418412673544
87,650.0,-0.6752395123361077,-0.5492285645517079,-0.29587512153286505,-1.6890164071620213,1.813005059326777,-0.9816184488002521,-0.7895210200811913,-0.05572782125753528,-0.05572782125753528,-0.20478155158843717,0.5115845482420279,-0.13757705039341656,-0.4075107139075714,0.4727418412673544
88,750.0,-0.11210405536589639,-1.6579837292404682,-0.29587512153286505,0.775806783684318,-1.1597152586861013,0.3449325241487583,0.9219909898934718,-0.05572782125753528,-0.05572782125753528,-0.20478155158843717,-1.9547111097008836,-0.13757705039341656,2.453923212008636,0.4727418412673544
89,720.0,-0.6752395123361077,-1.6579837292404682,-0.29587512153286505,0.2063478631504058,0.012080505264606961,0.5123734563962612,0.9219909898934718,-0.05572782125753528,-0.05572782125753528,-0.20478155158843717,-1.9547111097008836,-0.13757705039341656,2.453923212008636,0.4727418412673544
90,624.0,-0.6752395123361077,-0.5492285645517079,-0.29587512153286505,-1.8575564301834004,0.7099105144681841,-1.609362511201668,0.9219909898934718,-0.05572782125753528,-0.05572782125753528,-0.20478155158843717,0.5115845482420279,-0.13757705039341656,-0.4075107139075714,0.4727418412673544
91,633.0,-0.6752395123361077,-0.5492285645517079,-0.29587512153286505,-1.8575564301834004,0.7099105144681841,-1.609362511201668,0.9219909898934718,-0.05572782125753528,-0.05572782125753528,-0.20478155158843717,0.5115845482420279,-0.13757705039341656,-0.4075107139075714,0.4727418412673544
92,640.0,-1.3510020607003612,-1.6579837292404682,-0.29587512153286505,0.775806783684318,-0.3305375603369642,0.3449325241487583,0.9219909898934718,-0.05572782125753528,-0.05572782125753528,-0.20478155158843717,-1.9547111097008836,-0.13757705039341656,2.453923212008636,0.4727418412673544
93,645.0,1.5209887698477165,0.5595266001370525,3.3798042728946487,-2.448382024899382,2.3043277613180972,0.3449325241487583,0.9219909898934718,-0.05572782125753528,-0.05572782125753528,-0.20478155158843717,0.5115845482420279,-0.13757705039341656,-0.4075107139075714,0.4727418412673544
94,750.0,-0.6189259666390866,-0.5492285645517079,-0.29587512153286505,0.775806783684318,-1.1475250306215778,0.4627691275810426,-0.7895210200811913,-0.05572782125753528,-0.05572782125753528,-0.20478155158843717,0.5115845482420279,-0.13757705039341656,-0.4075107139075714,-2.115319425331891
95,735.0,-1.238374969306319,-1.6579837292404682,-0.29587512153286505,0.775806783684318,-0.3386912890423739,0.7716511905640407,0.9219909898934718,-0.05572782125753528,-0.05572782125753528,-0.20478155158843717,-1.9547111097008836,-0.13757705039341656,2.453923212008636,0.4727418412673544
96,600.0,-0.11210405536589639,-0.5492285645517079,-0.29587512153286505,-2.5651379501390448,0.7996822602148729,-1.609362511201668,-2.5010330300558543,-0.05572782125753528,-0.05572782125753528,-0.20478155158843717,0.5115845482420279,-0.13757705039341656,-0.4075107139075714,0.4727418412673544
97,750.0,1.0141668585745263,1.6682817648258128,-0.29587512153286505,0.775806783684318,-0.5648967131271059,-1.609362511201668,-0.7895210200811913,-0.05572782125753528,-0.05572782125753528,-0.20478155158843717,0.5115845482420279,-0.13757705039341656,-0.4075107139075714,0.4727418412673544
98,600.0,-1.8015104262765302,-0.5492285645517079,-0.29587512153286505,0.775806783684318,-1.2190517992650727,0.5123734563962612,0.9219909898934718,-0.05572782125753528,-0.05572782125753528,-0.20478155158843717,-1.9547111097008836,7.268654162452175,-0.4075107139075714,0.4727418412673544
99,705.0,-0.5062988752450444,-0.5492285645517079,-0.29587512153286505,0.775806783684318,-0.30769097396438067,1.4603762442268509,0.9219909898934718,-0.05572782125753528,-0.05572782125753528,-0.20478155158843717,0.5115845482420279,-0.13757705039341656,-0.4075107139075714,0.4727418412673544
100,650.0,0.2820907645132515,0.5595266001370525,-0.29587512153286505,-1.4830766176418124,2.256051228983097,0.4627691275810426,-0.7895210200811913,-0.05572782125753528,-0.05572782125753528,-0.20478155158843717,0.5115845482420279,-0.13757705039341656,-0.4075107139075714,0.4727418412673544
101,700.0,0.2257772188162304,0.5595266001370525,-0.29587512153286505,-0.26958606766371546,0.6969937165190202,0.7716511905640407,-0.7895210200811913,-0.05572782125753528,-0.05572782125753528,4.883252384031963,-1.9547111097008836,-0.13757705039341656,-0.4075107139075714,0.4727418412673544
102,650.0,-0.9568072408212134,-1.6579837292404682,-0.29587512153286505,0.775806783684318,-0.8230712121360183,-0.10388935444675079,0.9219909898934718,-0.05572782125753528,-0.05572782125753528,-0.20478155158843717,-1.9547111097008836,-0.13757705039341656,2.453923212008636,-2.115319425331891
103,700.0,-0.9568072408212134,-0.5492285645517079,-0.29587512153286505,0.775806783684318,-0.9854999463467538,-0.9816184488002521,-0.7895210200811913,-0.05572782125753528,-0.05572782125753528,-0.20478155158843717,0.5115845482420279,-0.13757705039341656,-0.4075107139075714,0.4727418412673544
104,730.0,-0.3373582381539809,0.5595266001370525,-0.29587512153286505,0.775806783684318,-0.6875255636569801,1.4603762442268509,-0.7895210200811913,-0.05572782125753528,-0.05572782125753528,-0.20478155158843717,0.5115845482420279,-0.13757705039341656,-0.4075107139075714,0.4727418412673544
105,750.0,-0.39367178385100204,0.5595266001370525,-0.29587512153286505,0.775806783684318,-0.5612638637039035,0.4627691275810426,-0.7895210200811913,-0.05572782125753528,-0.05572782125753528,-0.20478155158843717,0.5115845482420279,-0.13757705039341656,-0.4075107139075714,0.4727418412673544
106,680.0,-0.05579050966887527,0.5595266001370525,-0.29587512153286505,-0.8983384153614327,0.32410190572409625,0.4627691275810426,-0.7895210200811913,-0.05572782125753528,-0.05572782125753528,-0.20478155158843717,0.5115845482420279,-0.13757705039341656,-0.4075107139075714,0.4727418412673544
107,710.0,1.1831074956655896,1.6682817648258128,-0.29587512153286505,-0.33646018595434896,0.5113147459997899,1.4603762442268509,-0.7895210200811913,-0.05572782125753528,-0.05572782125753528,-0.20478155158843717,0.5115845482420279,-0.13757705039341656,-0.4075107139075714,0.4727418412673544
108,720.0,-0.5626124209420654,0.5595266001370525,-0.29587512153286505,0.775806783684318,-0.6616112377714702,0.7716511905640407,-0.7895210200811913,-0.05572782125753528,-0.05572782125753528,-0.20478155158843717,0.5115845482420279,-0.13757705039341656,-0.4075107139075714,0.4727418412673544
109,750.0,-0.7878666037301499,-1.6579837292404682,-0.29587512153286505,0.775806783684318,-0.8033730952635435,-1.609362511201668,0.9219909898934718,-0.05572782125753528,-0.05572782125753528,-0.20478155158843717,-1.9547111097008836,-0.13757705039341656,2.453923212008636,0.4727418412673544
110,695.0,-0.9568072408212134,-1.6579837292404682,-0.29587512153286505,0.775806783684318,-0.2347110655516049,-1.609362511201668,0.9219909898934718,-0.05572782125753528,-0.05572782125753528,-0.20478155158843717,-1.9547111097008836,-0.13757705039341656,2.453923212008636,0.4727418412673544
111,630.0,-0.16841760106291753,-0.5492285645517079,3.3798042728946487,-2.0394650243528307,1.384409557376084,-1.609362511201668,-2.5010330300558543,-0.05572782125753528,-0.05572782125753528,-0.20478155158843717,0.5115845482420279,-0.13757705039341656,-0.4075107139075714,0.4727418412673544
112,750.0,1.8588700440298431,1.6682817648258128,-0.29587512153286505,0.06322667879201009,0.897527004679789,-1.609362511201668,0.9219909898934718,-0.05572782125753528,-0.05572782125753528,-0.20478155158843717,0.5115845482420279,-0.13757705039341656,-0.4075107139075714,0.4727418412673544
113,730.0,-0.39367178385100204,-0.5492285645517079,-0.29587512153286505,0.775806783684318,-0.5301020886515457,0.3449325241487583,0.9219909898934718,-0.05572782125753528,-0.05572782125753528,-0.20478155158843717,0.5115845482420279,-0.13757705039341656,-0.4075107139075714,0.4727418412673544
114,600.0,1.8588700440298431,1.6682817648258128,-0.29587512153286505,-1.8575564301834004,0.799117150304597,-1.609362511201668,0.9219909898934718,-0.05572782125753528,-0.05572782125753528,-0.20478155158843717,0.5115845482420279,-0.13757705039341656,-0.4075107139075714,0.4727418412673544
115,650.0,-0.6752395123361077,-1.6579837292404682,-0.29587512153286505,0.775806783684318,-0.7772165794164867,-0.9816184488002521,0.9219909898934718,-0.05572782125753528,-0.05572782125753528,-0.20478155158843717,-1.9547111097008836,-0.13757705039341656,2.453923212008636,0.4727418412673544
116,750.0,-1.0694343322152555,-0.5492285645517079,-0.29587512153286505,0.775806783684318,-1.19588229294376,-0.9816184488002521,0.9219909898934718,-0.05572782125753528,-0.05572782125753528,-0.20478155158843717,0.5115845482420279,-0.13757705039341656,-0.4075107139075714,-2.115319425331891
117,730.0,-0.39367178385100204,-0.5492285645517079,-0.29587512153286505,-0.2954374284330052,0.09095370274168874,-1.609362511201668,0.9219909898934718,-0.05572782125753528,-0.05572782125753528,-0.20478155158843717,0.5115845482420279,-0.13757705039341656,-0.4075107139075714,0.4727418412673544
118,735.0,-1.5199426977914245,-1.6579837292404682,-0.29587512153286505,0.775806783684318,-0.33061829032414647,0.3449325241487583,0.9219909898934718,-0.05572782125753528,-0.05572782125753528,-0.20478155158843717,-1.9547111097008836,-0.13757705039341656,2.453923212008636,0.4727418412673544
119,610.0,0.8452262214834628,-0.5492285645517079,-0.29587512153286505,-1.4554465630022686,0.3439614825709357,-0.9816184488002521,0.9219909898934718,-0.05572782125753528,-0.05572782125753528,-0.20478155158843717,0.5115845482420279,-0.13757705039341656,-0.4075107139075714,-2.115319425331891
120,580.0,-0.16841760106291753,1.6682817648258128,3.3798042728946487,-2.915586567329854,1.9189228025099205,-1.609362511201668,-2.5010330300558543,17.94435844492636,-0.05572782125753528,-0.20478155158843717,-1.9547111097008836,-0.13757705039341656,-0.4075107139075714,-2.115319425331891
121,725.0,-0.39367178385100204,-0.5492285645517079,-0.29587512153286505,-1.0254173245072096,0.6864988181853245,-0.10388935444675079,-0.7895210200811913,-0.05572782125753528,-0.05572782125753528,-0.20478155158843717,0.5115845482420279,-0.13757705039341656,-0.4075107139075714,0.4727418412673544
122,750.0,-0.5062988752450444,-0.5492285645517079,-0.29587512153286505,0.775806783684318,-0.8233134020975652,0.7716511905640407,-0.7895210200811913,-0.05572782125753528,-0.05572782125753528,-0.20478155158843717,0.5115845482420279,-0.13757705039341656,-0.4075107139075714,0.4727418412673544
123,750.0,0.7325991300894206,1.6682817648258128,-0.29587512153286505,-0.035412134619337156,1.1606260329068203,0.3449325241487583,-0.7895210200811913,-0.05572782125753528,-0.05572782125753528,-0.20478155158843717,0.5115845482420279,-0.13757705039341656,-0.4075107139075714,0.4727418412673544
124,750.0,-0.44998532954802317,-0.5492285645517079,-0.29587512153286505,0.775806783684318,-0.5504460454214788,0.6684448169023727,0.9219909898934718,-0.05572782125753528,-0.05572782125753528,-0.20478155158843717,0.5115845482420279,-0.13757705039341656,-0.4075107139075714,0.4727418412673544
125,730.0,0.16946367311920926,1.6682817648258128,-0.29587512153286505,-0.33646018595434896,0.45730638457484846,0.4627691275810426,-0.7895210200811913,-0.05572782125753528,-0.05572782125753528,-0.20478155158843717,0.5115845482420279,-0.13757705039341656,-0.4075107139075714,0.4727418412673544
126,560.0,-1.7451968805795093,-0.5492285645517079,-0.29587512153286505,0.775806783684318,-1.1833691449305075,-0.9816184488002521,-0.7895210200811913,-0.05572782125753528,-0.05572782125753528,-0.20478155158843717,0.5115845482420279,-0.13757705039341656,-0.4075107139075714,-2.115319425331891
127,700.0,-1.9141375176705726,-1.6579837292404682,-0.29587512153286505,0.775806783684318,-1.1312175732107586,-1.609362511201668,-2.5010330300558543,-0.05572782125753528,-0.05572782125753528,-0.20478155158843717,-1.9547111097008836,-0.13757705039341656,2.453923212008636,0.4727418412673544
128,750.0,1.295734587059632,1.6682817648258128,-0.29587512153286505,0.1535035340765032,-0.02360214906995818,0.3449325241487583,0.9219909898934718,-0.05572782125753528,-0.05572782125753528,-0.20478155158843717,0.5115845482420279,-0.13757705039341656,-0.4075107139075714,0.4727418412673544
129,730.0,0.7325991300894206,1.6682817648258128,-0.29587512153286505,-1.4554465630022686,0.2823645023508606,0.4627691275810426,-0.7895210200811913,-0.05572782125753528,-0.05572782125753528,-0.20478155158843717,0.5115845482420279,-0.13757705039341656,-0.4075107139075714,0.4727418412673544
130,730.0,-0.2810446924569598,0.5595266001370525,-0.29587512153286505,0.775806783684318,-0.5212217900614956,1.4603762442268509,-0.7895210200811913,-0.05572782125753528,-0.05572782125753528,-0.20478155158843717,0.5115845482420279,-0.13757705039341656,-0.4075107139075714,0.4727418412673544
131,740.0,0.3947178559072938,0.5595266001370525,-0.29587512153286505,0.775806783684318,-0.5585190441397062,0.4627691275810426,-0.7895210200811913,-0.05572782125753528,-0.05572782125753528,-0.20478155158843717,0.5115845482420279,-0.13757705039341656,-0.4075107139075714,0.4727418412673544
132,720.0,0.45103140160431493,0.5595266001370525,-0.29587512153286505,0.775806783684318,-0.6274624531933682,0.3449325241487583,-0.7895210200811913,-0.05572782125753528,-0.05572782125753528,-0.20478155158843717,0.5115845482420279,-0.13757705039341656,-0.4075107139075714,0.4727418412673544
133,720.0,0.3384043102102726,0.5595266001370525,-0.29587512153286505,-0.8983384153614327,0.35905799017402096,0.3449325241487583,-0.7895210200811913,-0.05572782125753528,-0.05572782125753528,-0.20478155158843717,0.5115845482420279,-0.13757705039341656,-0.4075107139075714,0.4727418412673544
134,740.0,-0.16841760106291753,0.5595266001370525,-0.29587512153286505,0.775806783684318,-0.698101191977858,0.7716511905640407,0.9219909898934718,-0.05572782125753528,-0.05572782125753528,-0.20478155158843717,0.5115845482420279,-0.13757705039341656,-0.4075107139075714,0.4727418412673544
135,720.0,-0.2810446924569598,0.5595266001370525,-0.29587512153286505,-0.4993203325829708,-0.20895819964045945,0.4627691275810426,-0.7895210200811913,-0.05572782125753528,-0.05572782125753528,-0.20478155158843717,0.5115845482420279,-0.13757705039341656,-0.4075107139075714,0.4727418412673544
136,730.0,-0.6752395123361077,0.5595266001370525,-0.29587512153286505,0.775806783684318,-0.879824393125157,0.4627691275810426,-0.7895210200811913,-0.05572782125753528,-0.05572782125753528,-0.20478155158843717,0.5115845482420279,-0.13757705039341656,-0.4075107139075714,0.4727418412673544
137,600.0,1.295734587059632,-0.5492285645517079,-0.29587512153286505,0.775806783684318,-0.6507126895018632,-1.609362511201668,-2.5010330300558543,-0.05572782125753528,-0.05572782125753528,4.883252384031963,-1.9547111097008836,-0.13757705039341656,-0.4075107139075714,-2.115319425331891
138,600.0,1.295734587059632,-0.5492285645517079,-0.29587512153286505,0.775806783684318,-0.6573325484508097,-1.609362511201668,-2.5010330300558543,-0.05572782125753528,-0.05572782125753528,4.883252384031963,-1.9547111097008836,-0.13757705039341656,-0.4075107139075714,-2.115319425331891
139,725.0,0.7889126757864416,0.5595266001370525,-0.29587512153286505,-0.26958606766371546,0.6357196562476742,0.7716511905640407,-0.7895210200811913,-0.05572782125753528,-0.05572782125753528,4.883252384031963,-1.9547111097008836,-0.13757705039341656,-0.4075107139075714,0.4727418412673544
140,675.0,1.0704804042715474,1.6682817648258128,-0.29587512153286505,-1.5180851561184707,2.276718105701759,0.3449325241487583,-0.7895210200811913,-0.05572782125753528,-0.05572782125753528,-0.20478155158843717,0.5115845482420279,-0.13757705039341656,-0.4075107139075714,0.4727418412673544
141,750.0,-0.16841760106291753,-0.5492285645517079,-0.29587512153286505,0.2063478631504058,0.044453230124698866,0.4627691275810426,0.9219909898934718,-0.05572782125753528,-0.05572782125753528,-0.20478155158843717,0.5115845482420279,-0.13757705039341656,-0.4075107139075714,0.4727418412673544
142,750.0,1.2394210413626108,0.5595266001370525,3.3798042728946487,-0.5484803112414847,1.5672629783439347,0.7716511905640407,-0.7895210200811913,-0.05572782125753528,-0.05572782125753528,4.883252384031963,-1.9547111097008836,-0.13757705039341656,-0.4075107139075714,0.4727418412673544
143,700.0,-0.16841760106291753,-0.5492285645517079,-0.29587512153286505,0.775806783684318,-0.9630570099100816,0.3449325241487583,0.9219909898934718,-0.05572782125753528,-0.05572782125753528,-0.20478155158843717,0.5115845482420279,-0.13757705039341656,-0.4075107139075714,0.4727418412673544
144,750.0,-0.16841760106291753,0.5595266001370525,-0.29587512153286505,0.775806783684318,-0.561990433588544,0.4627691275810426,-0.7895210200811913,-0.05572782125753528,-0.05572782125753528,-0.20478155158843717,0.5115845482420279,-0.13757705039341656,-0.4075107139075714,0.4727418412673544
145,730.0,-0.5062988752450444,0.5595266001370525,-0.29587512153286505,0.775806783684318,-0.6689576666050572,0.4627691275810426,-0.7895210200811913,-0.05572782125753528,-0.05572782125753528,-0.20478155158843717,0.5115845482420279,-0.13757705039341656,-0.4075107139075714,0.4727418412673544
146,650.0,0.2257772188162304,0.5595266001370525,-0.29587512153286505,-0.035412134619337156,1.075455896429521,1.4603762442268509,-0.7895210200811913,-0.05572782125753528,-0.05572782125753528,-0.20478155158843717,0.5115845482420279,-0.13757705039341656,-0.4075107139075714,0.4727418412673544
147,730.0,0.3384043102102726,0.5595266001370525,-0.29587512153286505,0.775806783684318,-0.5966235980897395,0.7716511905640407,-0.7895210200811913,-0.05572782125753528,-0.05572782125753528,-0.20478155158843717,0.5115845482420279,-0.13757705039341656,-0.4075107139075714,0.4727418412673544
148,720.0,-0.39367178385100204,0.5595266001370525,-0.29587512153286505,0.775806783684318,-0.6654055471690371,0.3449325241487583,-0.7895210200811913,-0.05572782125753528,-0.05572782125753528,-0.20478155158843717,0.5115845482420279,-0.13757705039341656,-0.4075107139075714,0.4727418412673544
149,720.0,-0.3373582381539809,0.5595266001370525,-0.29587512153286505,0.775806783684318,-0.6708951862974317,0.7716511905640407,-0.7895210200811913,-0.05572782125753528,-0.05572782125753528,-0.20478155158843717,0.5115845482420279,-0.13757705039341656,-0.4075107139075714,0.4727418412673544
150,750.0,-0.5626124209420654,0.5595266001370525,-0.29587512153286505,0.775806783684318,-0.8674727050862691,0.7716511905640407,-0.7895210200811913,-0.05572782125753528,-0.05572782125753528,-0.20478155158843717,0.5115845482420279,-0.13757705039341656,-0.4075107139075714,0.4727418412673544
151,730.0,-0.39367178385100204,0.5595266001370525,-0.29587512153286505,0.775806783684318,-0.6355354519115957,0.4627691275810426,-0.7895210200811913,-0.05572782125753528,-0.05572782125753528,-0.20478155158843717,0.5115845482420279,-0.13757705039341656,-0.4075107139075714,0.4727418412673544
152,730.0,-0.9568072408212134,0.5595266001370525,-0.29587512153286505,0.775806783684318,-0.8946787107666955,0.3449325241487583,-0.7895210200811913,-0.05572782125753528,-0.05572782125753528,-0.20478155158843717,0.5115845482420279,-0.13757705039341656,-0.4075107139075714,0.4727418412673544
153,670.0,0.5636584929983571,0.5595266001370525,-0.29587512153286505,-1.8575564301834004,0.7924972913556504,0.7716511905640407,0.9219909898934718,-0.05572782125753528,-0.05572782125753528,-0.20478155158843717,0.5115845482420279,-0.13757705039341656,-0.4075107139075714,0.4727418412673544
154,740.0,-0.2810446924569598,0.5595266001370525,-0.29587512153286505,0.775806783684318,-0.8413161892392123,0.4627691275810426,-0.7895210200811913,-0.05572782125753528,-0.05572782125753528,-0.20478155158843717,0.5115845482420279,-0.13757705039341656,-0.4075107139075714,0.4727418412673544
155,720.0,0.6762855843923994,0.5595266001370525,-0.29587512153286505,-0.035412134619337156,1.1141255602898303,0.7716511905640407,0.9219909898934718,-0.05572782125753528,-0.05572782125753528,-0.20478155158843717,0.5115845482420279,-0.13757705039341656,-0.4075107139075714,0.4727418412673544
156,750.0,0.11315012742218812,0.5595266001370525,-0.29587512153286505,0.775806783684318,-0.5556934945883266,1.4603762442268509,-0.7895210200811913,-0.05572782125753528,-0.05572782125753528,-0.20478155158843717,0.5115845482420279,-0.13757705039341656,-0.4075107139075714,0.4727418412673544
157,740.0,-0.6752395123361077,0.5595266001370525,-0.29587512153286505,0.775806783684318,-0.610589885872273,0.4627691275810426,-0.7895210200811913,-0.05572782125753528,-0.05572782125753528,-0.20478155158843717,0.5115845482420279,-0.13757705039341656,-0.4075107139075714,0.4727418412673544
158,740.0,0.16946367311920926,0.5595266001370525,-0.29587512153286505,0.775806783684318,-0.6953563724136608,0.7716511905640407,0.9219909898934718,-0.05572782125753528,-0.05572782125753528,-0.20478155158843717,0.5115845482420279,-0.13757705039341656,-0.4075107139075714,0.4727418412673544
159,730.0,-0.6752395123361077,-1.6579837292404682,-0.29587512153286505,0.775806783684318,-1.1648819778657669,-1.609362511201668,0.9219909898934718,-0.05572782125753528,-0.05572782125753528,-0.20478155158843717,-1.9547111097008836,-0.13757705039341656,2.453923212008636,-2.115319425331891
160,620.0,1.0141668585745263,1.6682817648258128,-0.29587512153286505,-0.33646018595434896,0.4650564633443468,-1.609362511201668,0.9219909898934718,-0.05572782125753528,-0.05572782125753528,-0.20478155158843717,0.5115845482420279,-0.13757705039341656,-0.4075107139075714,0.4727418412673544
161,695.0,0.5636584929983571,0.5595266001370525,-0.29587512153286505,-0.6106512957269108,0.06681543657418879,-1.609362511201668,-0.7895210200811913,-0.05572782125753528,-0.05572782125753528,-0.20478155158843717,0.5115845482420279,-0.13757705039341656,-0.4075107139075714,0.4727418412673544
162,650.0,2.140437772514949,1.6682817648258128,-0.29587512153286505,-0.8303458092954011,1.1787095500356497,-1.609362511201668,0.9219909898934718,-0.05572782125753528,-0.05572782125753528,-0.20478155158843717,0.5115845482420279,-0.13757705039341656,-0.4075107139075714,0.4727418412673544
163,675.0,0.6199720386953783,0.5595266001370525,-0.29587512153286505,-0.035412134619337156,1.2252907526398218,-1.609362511201668,0.9219909898934718,-0.05572782125753528,-0.05572782125753528,-0.20478155158843717,0.5115845482420279,-0.13757705039341656,-0.4075107139075714,0.4727418412673544
164,695.0,0.45103140160431493,0.5595266001370525,-0.29587512153286505,0.775806783684318,-0.5489121756650156,-1.609362511201668,-0.7895210200811913,-0.05572782125753528,-0.05572782125753528,-0.20478155158843717,0.5115845482420279,-0.13757705039341656,-0.4075107139075714,0.4727418412673544
165,675.0,-1.238374969306319,-0.5492285645517079,-0.29587512153286505,0.775806783684318,-1.1518037199422384,-1.609362511201668,-2.5010330300558543,-0.05572782125753528,-0.05572782125753528,-0.20478155158843717,0.5115845482420279,-0.13757705039341656,-0.4075107139075714,-2.115319425331891
166,730.0,0.16946367311920926,1.6682817648258128,-0.29587512153286505,-0.33646018595434896,0.4418062270358519,0.4627691275810426,-0.7895210200811913,-0.05572782125753528,-0.05572782125753528,-0.20478155158843717,0.5115845482420279,-0.13757705039341656,-0.4075107139075714,-2.115319425331891
167,690.0,1.5773023155447374,0.5595266001370525,-0.29587512153286505,-0.33646018595434896,0.445681266420601,-1.609362511201668,0.9219909898934718,-0.05572782125753528,-0.05572782125753528,-0.20478155158843717,0.5115845482420279,-0.13757705039341656,-0.4075107139075714,0.4727418412673544
168,750.0,-0.6752395123361077,-0.5492285645517079,-0.29587512153286505,0.775806783684318,-0.8229904821488361,-0.9816184488002521,-0.7895210200811913,-0.05572782125753528,-0.05572782125753528,-0.20478155158843717,0.5115845482420279,-0.13757705039341656,-0.4075107139075714,-2.115319425331891
169,600.0,-1.4073156063973824,-1.6579837292404682,-0.29587512153286505,0.775806783684318,-0.7232082179915453,0.7716511905640407,0.9219909898934718,-0.05572782125753528,-0.05572782125753528,-0.20478155158843717,-1.9547111097008836,-0.13757705039341656,2.453923212008636,0.4727418412673544
170,723.0,-1.8015104262765302,-1.6579837292404682,-0.29587512153286505,-0.2954374284330052,0.12042014806321877,-1.609362511201668,0.9219909898934718,-0.05572782125753528,-0.05572782125753528,-0.20478155158843717,-1.9547111097008836,-0.13757705039341656,2.453923212008636,0.4727418412673544
171,725.0,-0.39367178385100204,-0.5492285645517079,-0.29587512153286505,0.775806783684318,-0.38591833154400423,0.7716511905640407,0.9219909898934718,-0.05572782125753528,-0.05572782125753528,-0.20478155158843717,0.5115845482420279,-0.13757705039341656,-0.4075107139075714,0.4727418412673544
172,750.0,0.5636584929983571,1.6682817648258128,-0.29587512153286505,-0.4993203325829708,-0.29275592633565994,-1.609362511201668,-2.5010330300558543,-0.05572782125753528,-0.05572782125753528,-0.20478155158843717,0.5115845482420279,-0.13757705039341656,-0.4075107139075714,0.4727418412673544
173,600.0,-0.6752395123361077,0.5595266001370525,-0.29587512153286505,-2.5651379501390448,2.076346277515355,-1.609362511201668,-2.5010330300558543,-0.05572782125753528,-0.05572782125753528,-0.20478155158843717,0.5115845482420279,-0.13757705039341656,-0.4075107139075714,0.4727418412673544
174,750.0,0.7325991300894206,1.6682817648258128,-0.29587512153286505,0.1535035340765032,-0.051776914596571834,0.3449325241487583,-0.7895210200811913,-0.05572782125753528,-0.05572782125753528,-0.20478155158843717,0.5115845482420279,-0.13757705039341656,-0.4075107139075714,0.4727418412673544
175,720.0,-0.16841760106291753,-0.5492285645517079,-0.29587512153286505,0.775806783684318,-0.9677393491666535,-0.9816184488002521,-0.7895210200811913,-0.05572782125753528,-0.05572782125753528,-0.20478155158843717,0.5115845482420279,-0.13757705039341656,-0.4075107139075714,0.4727418412673544
176,720.0,-0.44998532954802317,1.6682817648258128,-0.29587512153286505,0.775806783684318,-0.5548054647293216,0.4627691275810426,-0.7895210200811913,-0.05572782125753528,-0.05572782125753528,-0.20478155158843717,0.5115845482420279,-0.13757705039341656,-0.4075107139075714,-2.115319425331891
177,740.0,0.45103140160431493,1.6682817648258128,-0.29587512153286505,0.775806783684318,-0.5522221051394888,0.7716511905640407,0.9219909898934718,-0.05572782125753528,-0.05572782125753528,-0.20478155158843717,0.5115845482420279,-0.13757705039341656,-0.4075107139075714,0.4727418412673544
178,720.0,-0.05579050966887527,0.5595266001370525,-0.29587512153286505,0.775806783684318,-0.693661042682833,1.4603762442268509,-0.7895210200811913,-0.05572782125753528,-0.05572782125753528,-0.20478155158843717,0.5115845482420279,-0.13757705039341656,-0.4075107139075714,-2.115319425331891
179,650.0,-1.4636291520944036,-0.5492285645517079,-0.29587512153286505,0.775806783684318,-1.136384292390424,0.4627691275810426,-0.7895210200811913,-0.05572782125753528,-0.05572782125753528,-0.20478155158843717,0.5115845482420279,-0.13757705039341656,-0.4075107139075714,-2.115319425331891
180,650.0,2.19675131821197,0.5595266001370525,-0.29587512153286505,-2.448382024899382,2.3144997397030638,0.4627691275810426,-0.7895210200811913,-0.05572782125753528,-0.05572782125753528,-0.20478155158843717,0.5115845482420279,-0.13757705039341656,-0.4075107139075714,0.4727418412673544
181,690.0,0.3947178559072938,0.5595266001370525,-0.29587512153286505,-0.035412134619337156,1.239257040422355,-0.9816184488002521,-0.7895210200811913,-0.05572782125753528,-0.05572782125753528,-0.20478155158843717,0.5115845482420279,-0.13757705039341656,-0.4075107139075714,0.4727418412673544
182,750.0,-1.8015104262765302,-1.6579837292404682,-0.29587512153286505,0.775806783684318,-0.9773462176413441,0.5123734563962612,0.9219909898934718,-0.05572782125753528,-0.05572782125753528,-0.20478155158843717,-1.9547111097008836,-0.13757705039341656,2.453923212008636,0.4727418412673544
183,725.0,-0.6752395123361077,-0.5492285645517079,-0.29587512153286505,0.775806783684318,-0.3855146816080929,0.3449325241487583,0.9219909898934718,-0.05572782125753528,-0.05572782125753528,-0.20478155158843717,0.5115845482420279,-0.13757705039341656,-0.4075107139075714,0.4727418412673544
184,620.0,1.5773023155447374,-0.5492285645517079,-0.29587512153286505,-1.4554465630022686,0.3619642697125828,-0.9816184488002521,0.9219909898934718,-0.05572782125753528,-0.05572782125753528,-0.20478155158843717,0.5115845482420279,-0.13757705039341656,-0.4075107139075714,-2.115319425331891
185,590.0,-0.2810446924569598,-0.5492285645517079,-0.29587512153286505,-2.740362258734449,2.3607580223585067,-0.9816184488002521,-0.7895210200811913,-0.05572782125753528,-0.05572782125753528,-0.20478155158843717,0.5115845482420279,-0.13757705039341656,-0.4075107139075714,0.4727418412673544
186,750.0,1.295734587059632,-1.6579837292404682,-0.29587512153286505,0.1535035340765032,0.44681148624115286,0.7716511905640407,0.9219909898934718,-0.05572782125753528,-0.05572782125753528,-0.20478155158843717,-1.9547111097008836,7.268654162452175,-0.4075107139075714,0.4727418412673544
187,720.0,-1.182061423609298,-1.6579837292404682,-0.29587512153286505,0.775806783684318,-0.7514637135053412,0.3449325241487583,0.9219909898934718,-0.05572782125753528,-0.05572782125753528,-0.20478155158843717,-1.9547111097008836,-0.13757705039341656,2.453923212008636,0.4727418412673544
188,700.0,1.408361678453674,0.5595266001370525,-0.29587512153286505,-1.2792867718049095,2.194212058801475,0.4627691275810426,-0.7895210200811913,-0.05572782125753528,-0.05572782125753528,-0.20478155158843717,0.5115845482420279,-0.13757705039341656,-0.4075107139075714,0.4727418412673544
189,692.0,1.4646752241506953,0.5595266001370525,3.3798042728946487,-0.8983384153614327,0.4045089729576412,-1.609362511201668,0.9219909898934718,-0.05572782125753528,-0.05572782125753528,-0.20478155158843717,0.5115845482420279,-0.13757705039341656,-0.4075107139075714,0.4727418412673544
190,670.0,1.2394210413626108,0.5595266001370525,3.3798042728946487,-0.8983384153614327,0.4045089729576412,-1.609362511201668,0.9219909898934718,-0.05572782125753528,-0.05572782125753528,-0.20478155158843717,0.5115845482420279,-0.13757705039341656,-0.4075107139075714,0.4727418412673544
191,609.0,-0.05579050966887527,-0.5492285645517079,-0.29587512153286505,-0.035412134619337156,1.2030900061646963,-0.9816184488002521,0.9219909898934718,-0.05572782125753528,-0.05572782125753528,-0.20478155158843717,0.5115845482420279,-0.13757705039341656,-0.4075107139075714,0.4727418412673544
192,718.0,1.6336158612417586,0.5595266001370525,3.3798042728946487,-0.8983384153614327,0.4045089729576412,-1.609362511201668,0.9219909898934718,-0.05572782125753528,-0.05572782125753528,-0.20478155158843717,0.5115845482420279,-0.13757705039341656,-0.4075107139075714,0.4727418412673544
193,694.0,1.352048132756653,0.5595266001370525,3.3798042728946487,-0.8983384153614327,0.4045089729576412,-1.609362511201668,0.9219909898934718,-0.05572782125753528,-0.05572782125753528,-0.20478155158843717,0.5115845482420279,-0.13757705039341656,-0.4075107139075714,0.4727418412673544
194,658.0,1.1831074956655896,0.5595266001370525,3.3798042728946487,-0.8983384153614327,0.4045089729576412,-1.609362511201668,0.9219909898934718,-0.05572782125753528,-0.05572782125753528,-0.20478155158843717,0.5115845482420279,-0.13757705039341656,-0.4075107139075714,0.4727418412673544
195,750.0,-1.182061423609298,0.5595266001370525,-0.29587512153286505,0.775806783684318,-0.9415828333195967,0.3449325241487583,0.9219909898934718,-0.05572782125753528,-0.05572782125753528,-0.20478155158843717,0.5115845482420279,-0.13757705039341656,-0.4075107139075714,-2.115319425331891
196,723.0,1.746242952635801,0.5595266001370525,3.3798042728946487,-0.8983384153614327,0.4045089729576412,-1.609362511201668,0.9219909898934718,-0.05572782125753528,-0.05572782125753528,-0.20478155158843717,0.5115845482420279,-0.13757705039341656,-0.4075107139075714,0.4727418412673544
197,728.0,1.9151835897268643,0.5595266001370525,3.3798042728946487,-0.8983384153614327,0.4045089729576412,-1.609362511201668,0.9219909898934718,-0.05572782125753528,-0.05572782125753528,-0.20478155158843717,0.5115845482420279,-0.13757705039341656,-0.4075107139075714,0.4727418412673544
198,650.0,-1.632569789185467,-1.6579837292404682,-0.29587512153286505,0.775806783684318,-0.8366338499826403,-0.9816184488002521,-0.7895210200811913,-0.05572782125753528,-0.05572782125753528,-0.20478155158843717,-1.9547111097008836,-0.13757705039341656,2.453923212008636,0.4727418412673544
199,750.0,0.16946367311920926,0.5595266001370525,-0.29587512153286505,-0.035412134619337156,1.160868222868367,0.7716511905640407,-0.7895210200811913,-0.05572782125753528,-0.05572782125753528,-0.20478155158843717,0.5115845482420279,-0.13757705039341656,-0.4075107139075714,-2.115319425331891
200,735.0,0.16946367311920926,1.6682817648258128,-0.29587512153286505,-0.33646018595434896,0.4523011253695475,1.4603762442268509,-0.7895210200811913,-0.05572782125753528,-0.05572782125753528,-0.20478155158843717,0.5115845482420279,-0.13757705039341656,-0.4075107139075714,0.4727418412673544
201,699.0,1.1831074956655896,0.5595266001370525,-0.29587512153286505,-0.10454424708170984,1.0011035782346467,0.3449325241487583,-0.7895210200811913,-0.05572782125753528,-0.05572782125753528,-0.20478155158843717,-1.9547111097008836,7.268654162452175,-0.4075107139075714,0.4727418412673544
202,725.0,0.5636584929983571,1.6682817648258128,-0.29587512153286505,-0.33892838480532095,0.1540038227310448,1.4603762442268509,-0.7895210200811913,-0.05572782125753528,-0.05572782125753528,-0.20478155158843717,0.5115845482420279,-0.13757705039341656,-0.4075107139075714,0.4727418412673544
203,740.0,1.1267939499685684,1.6682817648258128,3.3798042728946487,-0.035412134619337156,1.0576952992494209,-0.9816184488002521,0.9219909898934718,-0.05572782125753528,-0.05572782125753528,-0.20478155158843717,0.5115845482420279,-0.13757705039341656,-0.4075107139075714,0.4727418412673544
204,720.0,0.9015397671804839,-0.5492285645517079,-0.29587512153286505,-0.5484803112414847,1.5724296975236003,0.3449325241487583,0.9219909898934718,-0.05572782125753528,-0.05572782125753528,-0.20478155158843717,0.5115845482420279,-0.13757705039341656,-0.4075107139075714,0.4727418412673544
205,750.0,1.2394210413626108,1.6682817648258128,-0.29587512153286505,-0.4993203325829708,-0.2870240972457185,-0.10388935444675079,0.9219909898934718,-0.05572782125753528,-0.05572782125753528,-0.20478155158843717,0.5115845482420279,-0.13757705039341656,-0.4075107139075714,0.4727418412673544
206,710.0,0.5073449473013361,1.6682817648258128,-0.29587512153286505,-0.33646018595434896,0.42824358918922983,1.4603762442268509,-0.7895210200811913,-0.05572782125753528,-0.05572782125753528,-0.20478155158843717,0.5115845482420279,-0.13757705039341656,-0.4075107139075714,0.4727418412673544
207,725.0,0.2820907645132515,0.5595266001370525,-0.29587512153286505,0.775806783684318,-0.6083294462311692,0.4627691275810426,-0.7895210200811913,-0.05572782125753528,-0.05572782125753528,-0.20478155158843717,0.5115845482420279,-0.13757705039341656,-0.4075107139075714,0.4727418412673544
208,750.0,-0.6189259666390866,-0.5492285645517079,-0.29587512153286505,0.775806783684318,-0.775279059724112,-0.9816184488002521,-0.7895210200811913,-0.05572782125753528,-0.05572782125753528,-0.20478155158843717,0.5115845482420279,-0.13757705039341656,-0.4075107139075714,-2.115319425331891
209,750.0,0.2257772188162304,0.5595266001370525,-0.29587512153286505,0.775806783684318,-0.9786378974362605,0.7716511905640407,0.9219909898934718,-0.05572782125753528,-0.05572782125753528,-0.20478155158843717,0.5115845482420279,-0.13757705039341656,-0.4075107139075714,0.4727418412673544
210,720.0,-0.5062988752450444,0.5595266001370525,-0.29587512153286505,0.775806783684318,-0.9471532024351736,-0.9816184488002521,-0.7895210200811913,-0.05572782125753528,-0.05572782125753528,-0.20478155158843717,0.5115845482420279,-0.13757705039341656,-0.4075107139075714,-2.115319425331891
211,700.0,0.0005230360281458632,0.5595266001370525,-0.29587512153286505,0.775806783684318,-0.5548861947165039,1.4603762442268509,-0.7895210200811913,-0.05572782125753528,-0.05572782125753528,-0.20478155158843717,0.5115845482420279,-0.13757705039341656,-0.4075107139075714,-2.115319425331891
212,750.0,1.0141668585745263,0.5595266001370525,3.3798042728946487,-0.26958606766371546,0.7179027831992292,0.7716511905640407,-0.7895210200811913,-0.05572782125753528,-0.05572782125753528,4.883252384031963,-1.9547111097008836,-0.13757705039341656,-0.4075107139075714,0.4727418412673544
213,610.0,-1.7451968805795093,-1.6579837292404682,-0.29587512153286505,0.775806783684318,-0.8024850654045385,0.4627691275810426,0.9219909898934718,-0.05572782125753528,-0.05572782125753528,-0.20478155158843717,-1.9547111097008836,-0.13757705039341656,2.453923212008636,-2.115319425331891
214,740.0,-0.2810446924569598,0.5595266001370525,-0.29587512153286505,-0.33892838480532095,0.18096763844992433,1.4603762442268509,-0.7895210200811913,-0.05572782125753528,-0.05572782125753528,-0.20478155158843717,0.5115845482420279,-0.13757705039341656,-0.4075107139075714,-2.115319425331891
215,715.0,0.2820907645132515,0.5595266001370525,-0.29587512153286505,-0.10454424708170984,0.9102016126674061,-0.9816184488002521,0.9219909898934718,-0.05572782125753528,-0.05572782125753528,-0.20478155158843717,0.5115845482420279,-0.13757705039341656,-0.4075107139075714,0.4727418412673544
216,710.0,-1.182061423609298,-0.5492285645517079,-0.29587512153286505,0.775806783684318,-1.1276654537747384,-0.9816184488002521,-0.7895210200811913,-0.05572782125753528,-0.05572782125753528,-0.20478155158843717,0.5115845482420279,-0.13757705039341656,-0.4075107139075714,0.4727418412673544
217,730.0,-0.3373582381539809,0.5595266001370525,-0.29587512153286505,0.775806783684318,-0.5804776006532848,0.3449325241487583,-0.7895210200811913,-0.05572782125753528,-0.05572782125753528,-0.20478155158843717,0.5115845482420279,-0.13757705039341656,-0.4075107139075714,0.4727418412673544
218,750.0,-1.9141375176705726,-1.6579837292404682,-0.29587512153286505,0.775806783684318,-1.1234674944412602,0.48778411895909657,0.9219909898934718,-0.05572782125753528,-0.05572782125753528,-0.20478155158843717,-1.9547111097008836,-0.13757705039341656,2.453923212008636,0.4727418412673544
219,690.0,-1.3510020607003612,-0.5492285645517079,-0.29587512153286505,0.775806783684318,-0.8114460939817709,0.4627691275810426,0.9219909898934718,-0.05572782125753528,-0.05572782125753528,-0.20478155158843717,0.5115845482420279,-0.13757705039341656,-0.4075107139075714,-2.115319425331891
220,740.0,0.9015397671804839,1.6682817648258128,-0.29587512153286505,-0.33646018595434896,0.5291560731670724,1.4603762442268509,0.9219909898934718,-0.05572782125753528,-0.05572782125753528,-0.20478155158843717,0.5115845482420279,-0.13757705039341656,-0.4075107139075714,0.4727418412673544
221,750.0,0.5073449473013361,-0.5492285645517079,-0.29587512153286505,0.775806783684318,-0.7795577490447726,-0.9816184488002521,0.9219909898934718,-0.05572782125753528,-0.05572782125753528,4.883252384031963,-1.9547111097008836,-0.13757705039341656,-0.4075107139075714,0.4727418412673544
222,720.0,-0.7315530580331289,1.6682817648258128,-0.29587512153286505,0.775806783684318,-0.573777011717156,0.3449325241487583,-0.7895210200811913,-0.05572782125753528,-0.05572782125753528,-0.20478155158843717,0.5115845482420279,-0.13757705039341656,-0.4075107139075714,-2.115319425331891
223,740.0,-0.9004936951241922,0.5595266001370525,-0.29587512153286505,0.775806783684318,-0.8473709382778828,0.3449325241487583,-0.7895210200811913,-0.05572782125753528,-0.05572782125753528,-0.20478155158843717,0.5115845482420279,-0.13757705039341656,-0.4075107139075714,0.4727418412673544
224,740.0,0.0005230360281458632,-0.5492285645517079,-0.29587512153286505,0.775806783684318,-0.9398067736015866,0.7716511905640407,0.9219909898934718,-0.05572782125753528,-0.05572782125753528,-0.20478155158843717,0.5115845482420279,-0.13757705039341656,-0.4075107139075714,0.4727418412673544
225,740.0,0.2820907645132515,0.5595266001370525,-0.29587512153286505,-0.10454424708170984,0.937003968411921,0.7716511905640407,0.9219909898934718,-0.05572782125753528,-0.05572782125753528,-0.20478155158843717,0.5115845482420279,-0.13757705039341656,-0.4075107139075714,0.4727418412673544
226,700.0,0.9578533128775051,0.5595266001370525,-0.29587512153286505,-0.4993203325829708,-0.4305620144558018,1.4603762442268509,-0.7895210200811913,-0.05572782125753528,-0.05572782125753528,-0.20478155158843717,0.5115845482420279,-0.13757705039341656,-0.4075107139075714,-2.115319425331891
227,730.0,-1.238374969306319,-0.5492285645517079,-0.29587512153286505,0.775806783684318,-1.1724705966609006,0.3449325241487583,0.9219909898934718,-0.05572782125753528,-0.05572782125753528,-0.20478155158843717,0.5115845482420279,-0.13757705039341656,-0.4075107139075714,-2.115319425331891
228,700.0,-1.632569789185467,-1.6579837292404682,-0.29587512153286505,0.775806783684318,-0.45074451125137033,0.4627691275810426,0.9219909898934718,-0.05572782125753528,-0.05572782125753528,-0.20478155158843717,-1.9547111097008836,-0.13757705039341656,2.453923212008636,0.4727418412673544
229,749.0,-1.0694343322152555,-0.5492285645517079,-0.29587512153286505,0.775806783684318,-0.7085960903115537,0.3449325241487583,0.9219909898934718,-0.05572782125753528,-0.05572782125753528,-0.20478155158843717,0.5115845482420279,-0.13757705039341656,-0.4075107139075714,0.4727418412673544
230,700.0,-1.5199426977914245,-1.6579837292404682,-0.29587512153286505,0.775806783684318,-1.039185387822966,-0.9816184488002521,0.9219909898934718,-0.05572782125753528,-0.05572782125753528,-0.20478155158843717,-1.9547111097008836,-0.13757705039341656,2.453923212008636,-2.115319425331891
231,667.0,0.7325991300894206,-0.5492285645517079,-0.29587512153286505,-0.33646018595434896,0.47643939153704745,0.48778411895909657,0.9219909898934718,-0.05572782125753528,-0.05572782125753528,-0.20478155158843717,0.5115845482420279,-0.13757705039341656,-0.4075107139075714,0.4727418412673544
232,725.0,-0.6752395123361077,-0.5492285645517079,-0.29587512153286505,0.775806783684318,-0.394394980198143,0.7716511905640407,0.9219909898934718,-0.05572782125753528,-0.05572782125753528,-0.20478155158843717,0.5115845482420279,-0.13757705039341656,-0.4075107139075714,-2.115319425331891
233,695.0,-0.11210405536589639,1.6682817648258128,-0.29587512153286505,-0.33646018595434896,0.36180280973821827,1.4603762442268509,-0.7895210200811913,-0.05572782125753528,-0.05572782125753528,-0.20478155158843717,0.5115845482420279,-0.13757705039341656,-0.4075107139075714,0.4727418412673544
234,750.0,-1.4073156063973824,-1.6579837292404682,-0.29587512153286505,0.775806783684318,-0.8296910710849648,0.6684448169023727,0.9219909898934718,-0.05572782125753528,-0.05572782125753528,-0.20478155158843717,-1.9547111097008836,-0.13757705039341656,2.453923212008636,0.4727418412673544
235,730.0,1.295734587059632,1.6682817648258128,-0.29587512153286505,-0.5484803112414847,1.654209174539244,1.4603762442268509,-0.7895210200811913,-0.05572782125753528,-0.05572782125753528,-0.20478155158843717,0.5115845482420279,-0.13757705039341656,-0.4075107139075714,0.4727418412673544
236,710.0,-1.5199426977914245,-0.5492285645517079,-0.29587512153286505,0.775806783684318,-1.14050152173672,-0.9816184488002521,-0.7895210200811913,-0.05572782125753528,-0.05572782125753528,-0.20478155158843717,0.5115845482420279,-0.13757705039341656,-0.4075107139075714,0.4727418412673544
237,650.0,0.05683658172516699,-0.5492285645517079,-0.29587512153286505,0.775806783684318,-0.7555809428516372,1.4603762442268509,0.9219909898934718,-0.05572782125753528,-0.05572782125753528,-0.20478155158843717,0.5115845482420279,-0.13757705039341656,-0.4075107139075714,0.4727418412673544
238,600.0,0.16946367311920926,0.5595266001370525,3.3798042728946487,-2.5651379501390448,0.6856107883263196,-1.609362511201668,-2.5010330300558543,-0.05572782125753528,17.94435844492636,-0.20478155158843717,-1.9547111097008836,-0.13757705039341656,-0.4075107139075714,-2.115319425331891
239,740.0,-0.9004936951241922,0.5595266001370525,-0.29587512153286505,0.775806783684318,-0.5590841540499821,0.4627691275810426,-0.7895210200811913,-0.05572782125753528,-0.05572782125753528,-0.20478155158843717,0.5115845482420279,-0.13757705039341656,-0.4075107139075714,0.4727418412673544
240,750.0,-1.238374969306319,-1.6579837292404682,-0.29587512153286505,0.775806783684318,-1.1311368432235762,1.4603762442268509,-0.7895210200811913,-0.05572782125753528,-0.05572782125753528,-0.20478155158843717,-1.9547111097008836,-0.13757705039341656,2.453923212008636,0.4727418412673544
241,750.0,0.9578533128775051,1.6682817648258128,-0.29587512153286505,-0.035412134619337156,1.1271230882261765,0.3449325241487583,0.9219909898934718,-0.05572782125753528,-0.05572782125753528,-0.20478155158843717,0.5115845482420279,-0.13757705039341656,-0.4075107139075714,0.4727418412673544
242,710.0,0.6762855843923994,1.6682817648258128,-0.29587512153286505,-0.035412134619337156,1.0621354485444459,0.5123734563962612,0.9219909898934718,-0.05572782125753528,-0.05572782125753528,-0.20478155158843717,0.5115845482420279,-0.13757705039341656,-0.4075107139075714,0.4727418412673544
243,560.0,-0.6189259666390866,-1.6579837292404682,-0.29587512153286505,0.775806783684318,-0.9281816554473392,-0.9816184488002521,-0.7895210200811913,-0.05572782125753528,-0.05572782125753528,-0.20478155158843717,-1.9547111097008836,-0.13757705039341656,2.453923212008636,0.4727418412673544
244,600.0,-0.8441801494271711,-0.5492285645517079,-0.29587512153286505,-0.8983384153614327,0.29237502076146255,-0.9816184488002521,-0.7895210200811913,-0.05572782125753528,-0.05572782125753528,-0.20478155158843717,0.5115845482420279,-0.13757705039341656,-0.4075107139075714,0.4727418412673544
245,720.0,-0.7315530580331289,-0.5492285645517079,-0.29587512153286505,0.775806783684318,-0.9440854629222472,0.3713465979125451,-0.7895210200811913,-0.05572782125753528,-0.05572782125753528,-0.20478155158843717,0.5115845482420279,-0.13757705039341656,-0.4075107139075714,0.4727418412673544
246,750.0,0.16946367311920926,0.5595266001370525,-0.29587512153286505,0.775806783684318,-1.0246539901301568,-1.609362511201668,-0.7895210200811913,-0.05572782125753528,-0.05572782125753528,-0.20478155158843717,0.5115845482420279,-0.13757705039341656,-0.4075107139075714,0.4727418412673544
247,750.0,-0.8441801494271711,-0.5492285645517079,-0.29587512153286505,0.775806783684318,-1.0108491623219877,1.4603762442268509,0.9219909898934718,-0.05572782125753528,-0.05572782125753528,-0.20478155158843717,0.5115845482420279,-0.13757705039341656,-0.4075107139075714,-2.115319425331891
248,750.0,1.8588700440298431,-1.6579837292404682,-0.29587512153286505,0.775806783684318,-0.6503090395659519,1.4603762442268509,0.9219909898934718,-0.05572782125753528,-0.05572782125753528,-0.20478155158843717,-1.9547111097008836,-0.13757705039341656,2.453923212008636,0.4727418412673544
249,650.0,-0.6752395123361077,-1.6579837292404682,-0.29587512153286505,0.775806783684318,-0.9264863257165115,-0.9816184488002521,0.9219909898934718,-0.05572782125753528,-0.05572782125753528,-0.20478155158843717,-1.9547111097008836,-0.13757705039341656,2.453923212008636,-2.115319425331891
250,650.0,0.11315012742218812,-0.5492285645517079,-0.29587512153286505,-0.33646018595434896,0.43219935856116126,0.3449325241487583,0.9219909898934718,-0.05572782125753528,-0.05572782125753528,-0.20478155158843717,0.5115845482420279,-0.13757705039341656,-0.4075107139075714,0.4727418412673544
251,670.0,1.0141668585745263,0.5595266001370525,-0.29587512153286505,-2.1624158454067346,0.9504051462841785,0.4627691275810426,0.9219909898934718,-0.05572782125753528,-0.05572782125753528,-0.20478155158843717,0.5115845482420279,-0.13757705039341656,-0.4075107139075714,0.4727418412673544
252,650.0,-0.6752395123361077,-0.5492285645517079,-0.29587512153286505,-0.4993203325829708,-0.23414595564132898,0.3449325241487583,0.9219909898934718,-0.05572782125753528,-0.05572782125753528,-0.20478155158843717,0.5115845482420279,-0.13757705039341656,-0.4075107139075714,0.4727418412673544
253,750.0,-1.4073156063973824,-0.5492285645517079,-0.29587512153286505,0.775806783684318,-0.8028079853532676,0.3449325241487583,0.9219909898934718,-0.05572782125753528,-0.05572782125753528,-0.20478155158843717,0.5115845482420279,-0.13757705039341656,-0.4075107139075714,0.4727418412673544
254,725.0,-0.39367178385100204,-0.5492285645517079,-0.29587512153286505,0.775806783684318,-0.7846437382372559,-1.609362511201668,-2.5010330300558543,-0.05572782125753528,-0.05572782125753528,-0.20478155158843717,0.5115845482420279,-0.13757705039341656,-0.4075107139075714,0.4727418412673544
255,620.0,-2.083078154761636,-1.6579837292404682,-0.29587512153286505,0.775806783684318,-1.081003521183384,0.7716511905640407,0.9219909898934718,-0.05572782125753528,-0.05572782125753528,-0.20478155158843717,-1.9547111097008836,-0.13757705039341656,2.453923212008636,-2.115319425331891
256,680.0,-1.238374969306319,-0.5492285645517079,-0.29587512153286505,0.775806783684318,-0.9667705893204662,-0.9816184488002521,-0.7895210200811913,-0.05572782125753528,-0.05572782125753528,-0.20478155158843717,0.5115845482420279,-0.13757705039341656,-0.4075107139075714,0.4727418412673544
257,750.0,1.6899294069387798,1.6682817648258128,-0.29587512153286505,-0.39444969708438243,-0.22316667738453969,-0.9816184488002521,0.9219909898934718,-0.05572782125753528,-0.05572782125753528,-0.20478155158843717,0.5115845482420279,-0.13757705039341656,-0.4075107139075714,0.4727418412673544
258,670.0,-0.22473114675993866,-0.5492285645517079,-0.29587512153286505,-0.4993203325829708,-0.23414595564132898,0.7716511905640407,0.9219909898934718,-0.05572782125753528,-0.05572782125753528,-0.20478155158843717,0.5115845482420279,-0.13757705039341656,-0.4075107139075714,0.4727418412673544
259,600.0,1.0141668585745263,1.6682817648258128,-0.29587512153286505,-0.035412134619337156,1.0876461244940445,-1.609362511201668,-2.5010330300558543,-0.05572782125753528,-0.05572782125753528,-0.20478155158843717,0.5115845482420279,-0.13757705039341656,-0.4075107139075714,0.4727418412673544
260,750.0,0.7325991300894206,0.5595266001370525,-0.29587512153286505,-0.21546788136271258,-0.21549732860222365,1.4603762442268509,-0.7895210200811913,-0.05572782125753528,-0.05572782125753528,-0.20478155158843717,0.5115845482420279,-0.13757705039341656,-0.4075107139075714,0.4727418412673544
261,700.0,-1.182061423609298,0.5595266001370525,-0.29587512153286505,-0.8128948641849979,-0.4648722590082683,0.4627691275810426,-0.7895210200811913,-0.05572782125753528,-0.05572782125753528,-0.20478155158843717,0.5115845482420279,-0.13757705039341656,-0.4075107139075714,0.4727418412673544
262,695.0,0.05683658172516699,-0.5492285645517079,-0.29587512153286505,0.775806783684318,-0.7769743894549398,0.7716511905640407,0.9219909898934718,-0.05572782125753528,-0.05572782125753528,-0.20478155158843717,0.5115845482420279,-0.13757705039341656,-0.4075107139075714,-2.115319425331891
263,710.0,0.5073449473013361,-0.5492285645517079,-0.29587512153286505,-2.1624158454067346,0.7854737824707926,0.3449325241487583,0.9219909898934718,-0.05572782125753528,-0.05572782125753528,-0.20478155158843717,0.5115845482420279,-0.13757705039341656,-0.4075107139075714,0.4727418412673544
264,620.0,1.295734587059632,0.5595266001370525,-0.29587512153286505,-2.214689332948235,2.7445483814230376,0.3449325241487583,-0.7895210200811913,-0.05572782125753528,-0.05572782125753528,-0.20478155158843717,0.5115845482420279,-0.13757705039341656,-0.4075107139075714,0.4727418412673544
265,700.0,1.295734587059632,1.6682817648258128,-0.29587512153286505,-0.8128948641849979,2.0685961987458565,0.7716511905640407,-0.7895210200811913,-0.05572782125753528,-0.05572782125753528,-0.20478155158843717,0.5115845482420279,-0.13757705039341656,-0.4075107139075714,0.4727418412673544
266,715.0,1.802556498332822,1.6682817648258128,-0.29587512153286505,-0.5500584012918986,1.9401547891388586,-0.9816184488002521,-0.7895210200811913,-0.05572782125753528,-0.05572782125753528,-0.20478155158843717,0.5115845482420279,-0.13757705039341656,-0.4075107139075714,0.4727418412673544
267,750.0,-0.39367178385100204,-0.5492285645517079,-0.29587512153286505,0.775806783684318,-0.32940734051641235,0.7716511905640407,0.9219909898934718,-0.05572782125753528,-0.05572782125753528,-0.20478155158843717,0.5115845482420279,-0.13757705039341656,-0.4075107139075714,0.4727418412673544
268,750.0,-0.6752395123361077,-0.5492285645517079,-0.29587512153286505,0.775806783684318,-0.5535945149215875,0.3449325241487583,0.9219909898934718,-0.05572782125753528,-0.05572782125753528,-0.20478155158843717,0.5115845482420279,-0.13757705039341656,-0.4075107139075714,0.4727418412673544
269,730.0,0.16946367311920926,-0.5492285645517079,-0.29587512153286505,-0.10454424708170984,1.0107104467093373,-1.609362511201668,-0.7895210200811913,-0.05572782125753528,-0.05572782125753528,-0.20478155158843717,0.5115845482420279,-0.13757705039341656,-0.4075107139075714,0.4727418412673544
270,750.0,-0.6189259666390866,0.5595266001370525,-0.29587512153286505,0.775806783684318,-0.919866466767565,1.4603762442268509,0.9219909898934718,-0.05572782125753528,-0.05572782125753528,-0.20478155158843717,-1.9547111097008836,7.268654162452175,-0.4075107139075714,0.4727418412673544
271,700.0,-0.6752395123361077,-0.5492285645517079,-0.29587512153286505,-0.39444969708438243,-0.11272805491918876,-0.9816184488002521,-0.7895210200811913,-0.05572782125753528,-0.05572782125753528,-0.20478155158843717,0.5115845482420279,-0.13757705039341656,-0.4075107139075714,0.4727418412673544
272,680.0,1.5773023155447374,0.5595266001370525,-0.29587512153286505,-0.39444969708438243,-0.1598743674336368,-0.9816184488002521,0.9219909898934718,-0.05572782125753528,-0.05572782125753528,-0.20478155158843717,0.5115845482420279,-0.13757705039341656,-0.4075107139075714,0.4727418412673544
273,600.0,-1.632569789185467,-0.5492285645517079,-0.29587512153286505,0.775806783684318,-0.877160303548142,1.4603762442268509,-0.7895210200811913,-0.05572782125753528,-0.05572782125753528,-0.20478155158843717,0.5115845482420279,-0.13757705039341656,-0.4075107139075714,-2.115319425331891
274,750.0,1.295734587059632,0.5595266001370525,-0.29587512153286505,0.1535035340765032,1.268400565795156,0.7716511905640407,-0.7895210200811913,-0.05572782125753528,-0.05572782125753528,-0.20478155158843717,0.5115845482420279,-0.13757705039341656,-0.4075107139075714,0.4727418412673544
275,700.0,0.2820907645132515,-0.5492285645517079,-0.29587512153286505,-0.21546788136271258,-0.1811063540625749,0.3449325241487583,0.9219909898934718,-0.05572782125753528,-0.05572782125753528,-0.20478155158843717,0.5115845482420279,-0.13757705039341656,-0.4075107139075714,0.4727418412673544
276,690.0,1.1267939499685684,0.5595266001370525,-0.29587512153286505,0.775806783684318,-0.6458688902709268,-0.9816184488002521,0.9219909898934718,-0.05572782125753528,-0.05572782125753528,-0.20478155158843717,0.5115845482420279,-0.13757705039341656,-0.4075107139075714,0.4727418412673544
277,700.0,-0.39367178385100204,-0.5492285645517079,-0.29587512153286505,0.775806783684318,-0.600579367461671,-0.9816184488002521,-0.7895210200811913,-0.05572782125753528,-0.05572782125753528,-0.20478155158843717,0.5115845482420279,-0.13757705039341656,-0.4075107139075714,0.4727418412673544
278,750.0,1.6899294069387798,0.5595266001370525,-0.29587512153286505,-0.39444969708438243,-0.121931273457968,0.5123734563962612,0.9219909898934718,-0.05572782125753528,-0.05572782125753528,-0.20478155158843717,0.5115845482420279,-0.13757705039341656,-0.4075107139075714,0.4727418412673544
279,735.0,-0.3373582381539809,-0.5492285645517079,-0.29587512153286505,-0.4993203325829708,-0.10174877666239948,1.4603762442268509,0.9219909898934718,-0.05572782125753528,-0.05572782125753528,-0.20478155158843717,0.5115845482420279,-0.13757705039341656,-0.4075107139075714,0.4727418412673544
280,700.0,1.295734587059632,1.6682817648258128,-0.29587512153286505,-0.33892838480532095,0.2013115952198574,0.5123734563962612,0.9219909898934718,-0.05572782125753528,-0.05572782125753528,-0.20478155158843717,0.5115845482420279,-0.13757705039341656,-0.4075107139075714,0.4727418412673544
281,725.0,1.0141668585745263,1.6682817648258128,-0.29587512153286505,-0.6106512957269108,0.07779471483097807,-1.609362511201668,-0.7895210200811913,-0.05572782125753528,-0.05572782125753528,-0.20478155158843717,0.5115845482420279,-0.13757705039341656,-0.4075107139075714,0.4727418412673544
282,733.0,0.642497456974187,0.5595266001370525,-0.29587512153286505,-0.035412134619337156,1.0702891772498555,0.3449325241487583,0.9219909898934718,-0.05572782125753528,-0.05572782125753528,-0.20478155158843717,0.5115845482420279,-0.13757705039341656,-0.4075107139075714,0.4727418412673544
283,750.0,-1.182061423609298,-0.5492285645517079,-0.29587512153286505,0.775806783684318,-0.8917724312281335,-0.9816184488002521,0.9219909898934718,-0.05572782125753528,-0.05572782125753528,-0.20478155158843717,0.5115845482420279,-0.13757705039341656,-0.4075107139075714,0.4727418412673544
284,675.0,0.6762855843923994,0.5595266001370525,-0.29587512153286505,0.775806783684318,-0.7772165794164867,-0.9816184488002521,-0.7895210200811913,-0.05572782125753528,-0.05572782125753528,-0.20478155158843717,0.5115845482420279,-0.13757705039341656,-0.4075107139075714,0.4727418412673544
285,650.0,1.5773023155447374,0.5595266001370525,-0.29587512153286505,-1.4830766176418124,2.2428922410723864,0.3449325241487583,-0.7895210200811913,-0.05572782125753528,-0.05572782125753528,-0.20478155158843717,0.5115845482420279,-0.13757705039341656,-0.4075107139075714,0.4727418412673544
286,730.0,-0.2810446924569598,-0.5492285645517079,-0.29587512153286505,0.775806783684318,-0.7592137922748395,-0.9816184488002521,0.9219909898934718,-0.05572782125753528,-0.05572782125753528,-0.20478155158843717,0.5115845482420279,-0.13757705039341656,-0.4075107139075714,0.4727418412673544
287,700.0,2.253064863908991,-0.5492285645517079,-0.29587512153286505,-0.8128948641849979,0.7525359477004248,-0.9816184488002521,0.9219909898934718,-0.05572782125753528,-0.05572782125753528,-0.20478155158843717,0.5115845482420279,-0.13757705039341656,-0.4075107139075714,0.4727418412673544
288,690.0,-1.0694343322152555,-1.6579837292404682,-0.29587512153286505,0.775806783684318,-0.7657529212366038,0.3449325241487583,0.9219909898934718,-0.05572782125753528,-0.05572782125753528,-0.20478155158843717,-1.9547111097008836,-0.13757705039341656,2.453923212008636,-2.115319425331891
289,700.0,0.7325991300894206,0.5595266001370525,-0.29587512153286505,-1.4830766176418124,2.250965239790614,0.7716511905640407,-0.7895210200811913,-0.05572782125753528,-0.05572782125753528,-0.20478155158843717,0.5115845482420279,-0.13757705039341656,-0.4075107139075714,0.4727418412673544
290,600.0,1.802556498332822,0.5595266001370525,3.3798042728946487,-2.349855581911866,2.3565600630250283,0.3449325241487583,-0.7895210200811913,-0.05572782125753528,-0.05572782125753528,4.883252384031963,-1.9547111097008836,-0.13757705039341656,-0.4075107139075714,0.4727418412673544
291,700.0,-1.8015104262765302,-1.6579837292404682,-0.29587512153286505,0.775806783684318,-1.1780409657764774,-0.9816184488002521,-0.7895210200811913,-0.05572782125753528,-0.05572782125753528,-0.20478155158843717,-1.9547111097008836,-0.13757705039341656,2.453923212008636,-2.115319425331891
292,690.0,0.16946367311920926,0.5595266001370525,-0.29587512153286505,-0.9881191727804026,1.1077478913024308,-0.9816184488002521,-0.7895210200811913,-0.05572782125753528,-0.05572782125753528,-0.20478155158843717,0.5115845482420279,-0.13757705039341656,-0.4075107139075714,0.4727418412673544
293,700.0,-0.3373582381539809,-1.6579837292404682,-0.29587512153286505,0.775806783684318,-0.5499616654983851,-0.9816184488002521,-0.7895210200811913,-0.05572782125753528,-0.05572782125753528,-0.20478155158843717,-1.9547111097008836,-0.13757705039341656,2.453923212008636,0.4727418412673544
294,670.0,0.2257772188162304,-0.5492285645517079,-0.29587512153286505,-0.5484803112414847,1.602703442716953,-0.9816184488002521,0.9219909898934718,-0.05572782125753528,-0.05572782125753528,-0.20478155158843717,0.5115845482420279,-0.13757705039341656,-0.4075107139075714,0.4727418412673544
295,750.0,1.295734587059632,0.5595266001370525,-0.29587512153286505,-1.8575564301834004,0.7912863415479163,1.4603762442268509,0.9219909898934718,-0.05572782125753528,-0.05572782125753528,-0.20478155158843717,0.5115845482420279,-0.13757705039341656,-0.4075107139075714,0.4727418412673544
296,740.0,-1.3510020607003612,-1.6579837292404682,-0.29587512153286505,0.775806783684318,-0.561990433588544,-0.9816184488002521,0.9219909898934718,-0.05572782125753528,-0.05572782125753528,-0.20478155158843717,-1.9547111097008836,-0.13757705039341656,2.453923212008636,0.4727418412673544
297,750.0,0.2820907645132515,0.5595266001370525,-0.29587512153286505,0.775806783684318,-0.7734222700189198,0.4627691275810426,-0.7895210200811913,-0.05572782125753528,-0.05572782125753528,-0.20478155158843717,0.5115845482420279,-0.13757705039341656,-0.4075107139075714,0.4727418412673544
298,750.0,0.7325991300894206,-1.6579837292404682,-0.29587512153286505,0.2063478631504058,0.07989369449771719,-0.9816184488002521,0.9219909898934718,-0.05572782125753528,-0.05572782125753528,-0.20478155158843717,-1.9547111097008836,-0.13757705039341656,2.453923212008636,0.4727418412673544
299,650.0,-1.632569789185467,-1.6579837292404682,-0.29587512153286505,0.775806783684318,-0.7979641861223311,-0.9816184488002521,-0.7895210200811913,-0.05572782125753528,-0.05572782125753528,-0.20478155158843717,-1.9547111097008836,-0.13757705039341656,2.453923212008636,0.4727418412673544
300,625.0,-0.3373582381539809,-0.5492285645517079,-0.29587512153286505,-2.1624158454067346,0.7852315925092458,0.3449325241487583,0.9219909898934718,-0.05572782125753528,-0.05572782125753528,-0.20478155158843717,0.5115845482420279,-0.13757705039341656,-0.4075107139075714,0.4727418412673544
301,700.0,-1.238374969306319,-0.5492285645517079,-0.29587512153286505,0.775806783684318,-1.0508912359643958,-0.9816184488002521,0.9219909898934718,-0.05572782125753528,-0.05572782125753528,-0.20478155158843717,0.5115845482420279,-0.13757705039341656,-0.4075107139075714,0.4727418412673544
302,750.0,2.140437772514949,0.5595266001370525,3.3798042728946487,0.1535035340765032,1.2493482888201395,0.7716511905640407,-0.7895210200811913,-0.05572782125753528,-0.05572782125753528,-0.20478155158843717,0.5115845482420279,-0.13757705039341656,-0.4075107139075714,0.4727418412673544
303,600.0,-1.8015104262765302,-1.6579837292404682,-0.29587512153286505,0.775806783684318,-0.9260826757806001,-0.9816184488002521,-0.7895210200811913,-0.05572782125753528,-0.05572782125753528,-0.20478155158843717,-1.9547111097008836,-0.13757705039341656,2.453923212008636,-2.115319425331891
304,750.0,1.802556498332822,0.5595266001370525,3.3798042728946487,-0.4993203325829708,-0.1941846119861033,0.3449325241487583,0.9219909898934718,-0.05572782125753528,-0.05572782125753528,-0.20478155158843717,0.5115845482420279,-0.13757705039341656,-0.4075107139075714,0.4727418412673544
305,700.0,-0.11210405536589639,-0.5492285645517079,-0.29587512153286505,-2.712077077686307,1.3498571228620706,0.7716511905640407,0.9219909898934718,-0.05572782125753528,-0.05572782125753528,-0.20478155158843717,0.5115845482420279,-0.13757705039341656,-0.4075107139075714,0.4727418412673544
306,750.0,1.8588700440298431,1.6682817648258128,3.3798042728946487,0.1535035340765032,1.0860315247503989,0.3449325241487583,0.9219909898934718,-0.05572782125753528,-0.05572782125753528,-0.20478155158843717,0.5115845482420279,-0.13757705039341656,-0.4075107139075714,0.4727418412673544
307,750.0,-0.5062988752450444,0.5595266001370525,-0.29587512153286505,0.775806783684318,-0.6822781144901323,0.3449325241487583,0.9219909898934718,-0.05572782125753528,-0.05572782125753528,-0.20478155158843717,0.5115845482420279,-0.13757705039341656,-0.4075107139075714,0.4727418412673544
308,625.0,0.0005230360281458632,0.5595266001370525,-0.29587512153286505,-2.448382024899382,2.2897963636252876,-0.9816184488002521,-0.7895210200811913,-0.05572782125753528,-0.05572782125753528,-0.20478155158843717,0.5115845482420279,-0.13757705039341656,-0.4075107139075714,0.4727418412673544
309,750.0,-0.6189259666390866,-0.5492285645517079,-0.29587512153286505,0.2063478631504058,0.06810711636910517,0.7716511905640407,-0.7895210200811913,-0.05572782125753528,-0.05572782125753528,-0.20478155158843717,0.5115845482420279,-0.13757705039341656,-0.4075107139075714,0.4727418412673544
310,695.0,0.11315012742218812,-0.5492285645517079,-0.29587512153286505,0.775806783684318,-0.5399511470877831,1.4603762442268509,0.9219909898934718,-0.05572782125753528,-0.05572782125753528,-0.20478155158843717,0.5115845482420279,-0.13757705039341656,-0.4075107139075714,0.4727418412673544
311,720.0,0.05683658172516699,0.5595266001370525,-0.29587512153286505,-0.21546788136271258,-0.14792632933066024,-0.9816184488002521,-0.7895210200811913,-0.05572782125753528,-0.05572782125753528,-0.20478155158843717,0.5115845482420279,-0.13757705039341656,-0.4075107139075714,0.4727418412673544
312,745.0,0.9015397671804839,0.5595266001370525,-0.29587512153286505,-0.035412134619337156,1.0911982439300645,0.3449325241487583,0.9219909898934718,-0.05572782125753528,-0.05572782125753528,-0.20478155158843717,0.5115845482420279,-0.13757705039341656,-0.4075107139075714,0.4727418412673544
313,720.0,0.7100737118106117,0.5595266001370525,-0.29587512153286505,-0.035412134619337156,1.0769897661859842,0.3449325241487583,0.9219909898934718,-0.05572782125753528,-0.05572782125753528,-0.20478155158843717,0.5115845482420279,-0.13757705039341656,-0.4075107139075714,0.4727418412673544
314,750.0,-0.11210405536589639,0.5595266001370525,-0.29587512153286505,0.775806783684318,-0.6314182225652997,0.7716511905640407,-0.7895210200811913,-0.05572782125753528,-0.05572782125753528,-0.20478155158843717,0.5115845482420279,-0.13757705039341656,-0.4075107139075714,0.4727418412673544
315,720.0,-0.5062988752450444,-1.6579837292404682,-0.29587512153286505,0.775806783684318,-0.7649456213647811,0.7716511905640407,0.9219909898934718,-0.05572782125753528,-0.05572782125753528,-0.20478155158843717,-1.9547111097008836,-0.13757705039341656,2.453923212008636,0.4727418412673544
316,725.0,-0.7315530580331289,-1.6579837292404682,-0.29587512153286505,0.775806783684318,-1.1417932015316363,0.48778411895909657,0.9219909898934718,-0.05572782125753528,-0.05572782125753528,-0.20478155158843717,-1.9547111097008836,-0.13757705039341656,2.453923212008636,-2.115319425331891
317,750.0,1.295734587059632,0.5595266001370525,-0.29587512153286505,0.775806783684318,-0.5870974596022313,0.5123734563962612,0.9219909898934718,-0.05572782125753528,-0.05572782125753528,-0.20478155158843717,0.5115845482420279,-0.13757705039341656,-0.4075107139075714,-2.115319425331891
318,640.0,0.6762855843923994,0.5595266001370525,-0.29587512153286505,-1.864240715757426,1.1324512673802065,0.3449325241487583,0.9219909898934718,-0.05572782125753528,-0.05572782125753528,-0.20478155158843717,0.5115845482420279,-0.13757705039341656,-0.4075107139075714,0.4727418412673544
319,700.0,-0.16841760106291753,-0.5492285645517079,-0.29587512153286505,-0.4993203325829708,-0.2928366563228422,0.7716511905640407,0.9219909898934718,-0.05572782125753528,-0.05572782125753528,-0.20478155158843717,0.5115845482420279,-0.13757705039341656,-0.4075107139075714,0.4727418412673544
320,700.0,0.11315012742218812,-0.5492285645517079,-0.29587512153286505,0.775806783684318,-0.6260093134240873,0.4495405310076944,0.9219909898934718,-0.05572782125753528,-0.05572782125753528,-0.20478155158843717,0.5115845482420279,-0.13757705039341656,-0.4075107139075714,0.4727418412673544
321,700.0,1.0141668585745263,0.5595266001370525,-0.29587512153286505,-0.035412134619337156,1.2170562939472298,0.7716511905640407,-0.7895210200811913,-0.05572782125753528,-0.05572782125753528,-0.20478155158843717,0.5115845482420279,-0.13757705039341656,-0.4075107139075714,0.4727418412673544
322,695.0,0.2820907645132515,0.5595266001370525,-0.29587512153286505,-0.900507018482708,-0.009797321261789312,0.4627691275810426,-0.7895210200811913,-0.05572782125753528,-0.05572782125753528,-0.20478155158843717,0.5115845482420279,-0.13757705039341656,-0.4075107139075714,-2.115319425331891
