,price,size,municipality,distance,floor,hasLift,rooms_0,rooms_1,rooms_2,rooms_3,rooms_4,bathrooms_1,bathrooms_2,bathrooms_3,propertyType_chalet,propertyType_countryHouse,propertyType_duplex,propertyType_flat,propertyType_penthouse,propertyType_studio,exterior_True
0,750.0,60.0,705.6331317949237,7037,697.6398926981135,702.2716741801357,0.0,1.0,0.0,0.0,0.0,1.0,0.0,0.0,0.0,0.0,0.0,1.0,0.0,0.0,1.0
1,750.0,70.0,701.4047554950265,16145,678.6636365033631,687.6335443462581,0.0,0.0,1.0,0.0,0.0,1.0,0.0,0.0,0.0,0.0,0.0,1.0,0.0,0.0,1.0
2,400.0,67.0,654.8040785293431,55041,696.0917641954768,687.6335443462581,0.0,0.0,1.0,0.0,0.0,0.0,1.0,0.0,0.0,0.0,0.0,0.0,1.0,0.0,1.0
3,590.0,70.0,679.5246886583126,56596,670.4163818553365,687.6335443462581,0.0,0.0,0.0,1.0,0.0,0.0,1.0,0.0,0.0,0.0,0.0,1.0,0.0,0.0,1.0
4,684.0,45.0,705.6331317949237,10656,670.4163818553365,673.696037921879,1.0,0.0,0.0,0.0,0.0,1.0,0.0,0.0,0.0,0.0,0.0,0.0,0.0,1.0,1.0
5,600.0,73.0,680.8257734019426,37062,697.6398926981135,687.6335443462581,0.0,0.0,1.0,0.0,0.0,1.0,0.0,0.0,0.0,0.0,0.0,1.0,0.0,0.0,1.0
6,600.0,71.0,682.4242993548665,44126,701.6979621920462,687.6335443462581,0.0,1.0,0.0,0.0,0.0,1.0,0.0,0.0,0.0,0.0,1.0,0.0,0.0,0.0,1.0
7,550.0,53.0,705.6331317949237,4008,701.6979621920462,687.6335443462581,0.0,1.0,0.0,0.0,0.0,1.0,0.0,0.0,0.0,0.0,0.0,1.0,0.0,0.0,1.0
8,700.0,28.0,705.6331317949237,5569,701.6979621920462,687.6335443462581,1.0,0.0,0.0,0.0,0.0,1.0,0.0,0.0,0.0,0.0,0.0,0.0,0.0,1.0,1.0
9,700.0,86.0,693.8366208382424,31153,697.6398926981135,702.2716741801357,0.0,0.0,1.0,0.0,0.0,1.0,0.0,0.0,0.0,0.0,1.0,0.0,0.0,0.0,1.0
10,700.0,45.0,705.6331317949237,2046,698.291590668491,687.6335443462581,0.0,1.0,0.0,0.0,0.0,1.0,0.0,0.0,0.0,0.0,0.0,1.0,0.0,0.0,0.0
11,550.0,54.0,683.8160867356914,26233,690.1951758466795,687.6335443462581,0.0,0.0,1.0,0.0,0.0,1.0,0.0,0.0,0.0,0.0,0.0,1.0,0.0,0.0,1.0
12,695.0,64.0,701.4047554950265,15747,701.6979621920462,687.6335443462581,0.0,0.0,1.0,0.0,0.0,1.0,0.0,0.0,0.0,0.0,0.0,1.0,0.0,0.0,1.0
13,650.0,68.0,690.3735431384588,42410,678.6636365033631,687.6335443462581,0.0,0.0,1.0,0.0,0.0,1.0,0.0,0.0,0.0,0.0,0.0,1.0,0.0,0.0,1.0
14,700.0,30.0,705.6331317949237,3247,701.6979621920462,702.2716741801357,0.0,1.0,0.0,0.0,0.0,1.0,0.0,0.0,0.0,0.0,0.0,1.0,0.0,0.0,0.0
15,700.0,35.0,705.6331317949237,1894,701.6979621920462,687.6335443462581,0.0,1.0,0.0,0.0,0.0,1.0,0.0,0.0,0.0,0.0,0.0,1.0,0.0,0.0,0.0
16,700.0,43.0,705.6331317949237,4442,696.0917641954768,702.2716741801357,0.0,1.0,0.0,0.0,0.0,1.0,0.0,0.0,0.0,0.0,0.0,1.0,0.0,0.0,1.0
17,650.0,60.0,705.6331317949237,3985,701.6979621920462,687.6335443462581,0.0,0.0,1.0,0.0,0.0,1.0,0.0,0.0,0.0,0.0,0.0,1.0,0.0,0.0,1.0
18,650.0,206.0,688.6004048272027,43195,670.4163818553365,673.696037921879,0.0,0.0,0.0,1.0,0.0,1.0,0.0,0.0,1.0,0.0,0.0,0.0,0.0,0.0,0.0
19,700.0,105.0,681.6927156331628,44003,678.6636365033631,687.6335443462581,0.0,0.0,0.0,1.0,0.0,0.0,1.0,0.0,0.0,0.0,0.0,1.0,0.0,0.0,1.0
20,695.0,40.0,705.6331317949237,2271,710.7463805527138,702.2716741801357,0.0,1.0,0.0,0.0,0.0,1.0,0.0,0.0,0.0,0.0,0.0,1.0,0.0,0.0,0.0
21,675.0,40.0,692.2585878985183,23556,678.6636365033631,687.6335443462581,0.0,1.0,0.0,0.0,0.0,1.0,0.0,0.0,0.0,0.0,0.0,1.0,0.0,0.0,1.0
22,750.0,45.0,705.6331317949237,1027,678.6636365033631,702.2716741801357,1.0,0.0,0.0,0.0,0.0,1.0,0.0,0.0,0.0,0.0,0.0,0.0,0.0,1.0,0.0
23,750.0,99.0,681.6927156331628,43492,701.6979621920462,702.2716741801357,0.0,0.0,0.0,1.0,0.0,0.0,1.0,0.0,0.0,0.0,0.0,1.0,0.0,0.0,1.0
24,680.0,38.0,705.6331317949237,2591,701.6979621920462,702.2716741801357,0.0,1.0,0.0,0.0,0.0,1.0,0.0,0.0,0.0,0.0,0.0,1.0,0.0,0.0,0.0
25,750.0,51.0,705.6331317949237,11896,701.6979621920462,702.2716741801357,0.0,1.0,0.0,0.0,0.0,1.0,0.0,0.0,0.0,0.0,0.0,1.0,0.0,0.0,1.0
26,750.0,60.0,700.3420445563922,21316,696.0917641954768,687.6335443462581,0.0,1.0,0.0,0.0,0.0,1.0,0.0,0.0,0.0,0.0,0.0,0.0,1.0,0.0,1.0
27,750.0,25.0,705.6331317949237,533,710.7463805527138,702.2716741801357,1.0,0.0,0.0,0.0,0.0,1.0,0.0,0.0,0.0,0.0,0.0,0.0,0.0,1.0,0.0
28,750.0,40.0,705.6331317949237,1989,701.6979621920462,687.6335443462581,0.0,1.0,0.0,0.0,0.0,1.0,0.0,0.0,0.0,0.0,0.0,1.0,0.0,0.0,0.0
29,650.0,62.0,705.6331317949237,7841,701.6979621920462,687.6335443462581,0.0,0.0,1.0,0.0,0.0,1.0,0.0,0.0,0.0,0.0,0.0,1.0,0.0,0.0,1.0
30,750.0,30.0,705.6331317949237,935,697.6398926981135,687.6335443462581,1.0,0.0,0.0,0.0,0.0,1.0,0.0,0.0,0.0,0.0,0.0,0.0,0.0,1.0,1.0
31,750.0,39.0,705.6331317949237,2036,698.291590668491,687.6335443462581,0.0,1.0,0.0,0.0,0.0,1.0,0.0,0.0,0.0,0.0,0.0,1.0,0.0,0.0,0.0
32,700.0,62.0,705.6331317949237,8492,697.6398926981135,687.6335443462581,0.0,0.0,1.0,0.0,0.0,1.0,0.0,0.0,0.0,0.0,0.0,1.0,0.0,0.0,1.0
33,747.0,96.0,693.7070431636203,26611,701.6979621920462,702.2716741801357,0.0,0.0,0.0,1.0,0.0,0.0,1.0,0.0,0.0,0.0,0.0,1.0,0.0,0.0,1.0
34,640.0,35.0,705.6331317949237,7324,701.6979621920462,702.2716741801357,1.0,0.0,0.0,0.0,0.0,1.0,0.0,0.0,0.0,0.0,0.0,0.0,0.0,1.0,1.0
35,750.0,30.0,705.6331317949237,2133,700.3420445563922,702.2716741801357,0.0,1.0,0.0,0.0,0.0,1.0,0.0,0.0,0.0,0.0,0.0,1.0,0.0,0.0,0.0
36,750.0,70.0,699.6096264559128,28703,696.0917641954768,702.2716741801357,0.0,0.0,1.0,0.0,0.0,1.0,0.0,0.0,0.0,0.0,0.0,1.0,0.0,0.0,1.0
37,625.0,52.0,684.0784852610176,40445,696.0917641954768,687.6335443462581,0.0,0.0,1.0,0.0,0.0,1.0,0.0,0.0,0.0,0.0,0.0,1.0,0.0,0.0,1.0
38,700.0,40.0,705.6331317949237,1431,697.6398926981135,702.2716741801357,1.0,0.0,0.0,0.0,0.0,1.0,0.0,0.0,0.0,0.0,0.0,0.0,0.0,1.0,1.0
39,750.0,40.0,705.6331317949237,2417,690.1951758466795,702.2716741801357,1.0,0.0,0.0,0.0,0.0,1.0,0.0,0.0,0.0,0.0,0.0,0.0,0.0,1.0,1.0
40,650.0,35.0,705.6331317949237,1121,696.0917641954768,702.2716741801357,0.0,1.0,0.0,0.0,0.0,1.0,0.0,0.0,0.0,0.0,0.0,1.0,0.0,0.0,0.0
41,720.0,70.0,699.6096264559128,29099,696.0917641954768,687.6335443462581,0.0,0.0,0.0,1.0,0.0,1.0,0.0,0.0,0.0,0.0,0.0,1.0,0.0,0.0,1.0
42,699.0,52.0,705.6331317949237,7092,697.6398926981135,702.2716741801357,0.0,1.0,0.0,0.0,0.0,1.0,0.0,0.0,0.0,0.0,0.0,1.0,0.0,0.0,1.0
43,750.0,65.0,685.5136046565373,13081,670.4163818553365,702.2716741801357,0.0,0.0,1.0,0.0,0.0,1.0,0.0,0.0,0.0,0.0,0.0,1.0,0.0,0.0,1.0
44,695.0,65.0,696.9436818808824,13904,670.4163818553365,702.2716741801357,0.0,0.0,1.0,0.0,0.0,1.0,0.0,0.0,0.0,0.0,0.0,1.0,0.0,0.0,1.0
45,750.0,78.0,693.2021808922763,19719,670.4163818553365,702.2716741801357,0.0,0.0,1.0,0.0,0.0,0.0,1.0,0.0,0.0,0.0,0.0,1.0,0.0,0.0,1.0
46,620.0,60.0,705.6331317949237,7981,670.4163818553365,687.6335443462581,0.0,0.0,1.0,0.0,0.0,1.0,0.0,0.0,0.0,0.0,0.0,1.0,0.0,0.0,1.0
47,500.0,28.0,705.6331317949237,769,701.6979621920462,687.6335443462581,1.0,0.0,0.0,0.0,0.0,1.0,0.0,0.0,0.0,0.0,0.0,0.0,0.0,1.0,0.0
48,550.0,38.0,685.5136046565373,10938,670.4163818553365,687.6335443462581,0.0,1.0,0.0,0.0,0.0,1.0,0.0,0.0,0.0,0.0,0.0,1.0,0.0,0.0,1.0
49,750.0,46.0,705.6331317949237,1476,697.6398926981135,702.2716741801357,0.0,1.0,0.0,0.0,0.0,1.0,0.0,0.0,0.0,0.0,0.0,1.0,0.0,0.0,0.0
50,680.0,55.0,705.6331317949237,5097,678.6636365033631,687.6335443462581,1.0,0.0,0.0,0.0,0.0,1.0,0.0,0.0,0.0,0.0,0.0,0.0,0.0,1.0,1.0
51,700.0,50.0,693.8366208382424,32052,670.4163818553365,673.696037921879,0.0,1.0,0.0,0.0,0.0,0.0,1.0,0.0,0.0,0.0,0.0,1.0,0.0,0.0,1.0
52,750.0,35.0,705.6331317949237,4047,670.4163818553365,673.696037921879,0.0,1.0,0.0,0.0,0.0,1.0,0.0,0.0,0.0,0.0,1.0,0.0,0.0,0.0,1.0
53,750.0,66.0,698.2726670638707,13311,701.6979621920462,702.2716741801357,0.0,0.0,1.0,0.0,0.0,1.0,0.0,0.0,0.0,0.0,0.0,1.0,0.0,0.0,1.0
54,650.0,65.0,699.6096264559128,29440,690.1951758466795,702.2716741801357,0.0,1.0,0.0,0.0,0.0,1.0,0.0,0.0,0.0,0.0,0.0,1.0,0.0,0.0,1.0
55,720.0,133.0,689.0655122002563,19453,701.6979621920462,702.2716741801357,0.0,0.0,0.0,1.0,0.0,0.0,1.0,0.0,0.0,0.0,0.0,1.0,0.0,0.0,0.0
56,600.0,50.0,686.0797448849435,24430,670.4163818553365,702.2716741801357,0.0,1.0,0.0,0.0,0.0,1.0,0.0,0.0,0.0,0.0,0.0,1.0,0.0,0.0,1.0
57,650.0,61.0,695.799965670853,34886,696.0917641954768,702.2716741801357,0.0,1.0,0.0,0.0,0.0,1.0,0.0,0.0,0.0,0.0,0.0,1.0,0.0,0.0,1.0
58,650.0,65.0,698.2726670638707,11537,697.6398926981135,687.6335443462581,0.0,0.0,1.0,0.0,0.0,1.0,0.0,0.0,0.0,0.0,0.0,1.0,0.0,0.0,0.0
59,700.0,45.0,705.6331317949237,12321,697.6398926981135,687.6335443462581,0.0,1.0,0.0,0.0,0.0,1.0,0.0,0.0,0.0,0.0,0.0,1.0,0.0,0.0,1.0
60,625.0,62.0,696.1649909275795,11666,678.6636365033631,687.6335443462581,0.0,0.0,1.0,0.0,0.0,1.0,0.0,0.0,0.0,0.0,0.0,1.0,0.0,0.0,1.0
61,595.0,45.0,705.6331317949237,4543,678.6636365033631,687.6335443462581,0.0,1.0,0.0,0.0,0.0,1.0,0.0,0.0,0.0,0.0,0.0,1.0,0.0,0.0,1.0
62,650.0,55.0,705.6331317949237,10495,710.7463805527138,702.2716741801357,0.0,1.0,0.0,0.0,0.0,1.0,0.0,0.0,0.0,0.0,0.0,1.0,0.0,0.0,1.0
63,725.0,50.0,705.6331317949237,7708,696.0917641954768,702.2716741801357,0.0,1.0,0.0,0.0,0.0,1.0,0.0,0.0,0.0,0.0,0.0,1.0,0.0,0.0,1.0
64,750.0,95.0,699.6096264559128,28483,697.9685377881583,702.2716741801357,0.0,0.0,0.0,1.0,0.0,1.0,0.0,0.0,0.0,0.0,0.0,1.0,0.0,0.0,1.0
65,700.0,30.0,705.6331317949237,12049,701.6979621920462,702.2716741801357,0.0,1.0,0.0,0.0,0.0,1.0,0.0,0.0,0.0,0.0,0.0,0.0,1.0,0.0,1.0
66,700.0,27.0,705.6331317949237,1391,697.6398926981135,687.6335443462581,0.0,1.0,0.0,0.0,0.0,1.0,0.0,0.0,0.0,0.0,0.0,1.0,0.0,0.0,0.0
67,650.0,59.0,699.6096264559128,30562,701.6979621920462,702.2716741801357,0.0,0.0,1.0,0.0,0.0,1.0,0.0,0.0,0.0,0.0,0.0,1.0,0.0,0.0,1.0
68,550.0,40.0,674.3203496837928,17750,697.6398926981135,702.2716741801357,0.0,1.0,0.0,0.0,0.0,1.0,0.0,0.0,0.0,0.0,0.0,1.0,0.0,0.0,1.0
69,650.0,55.0,705.6331317949237,10296,710.7463805527138,702.2716741801357,0.0,1.0,0.0,0.0,0.0,1.0,0.0,0.0,0.0,0.0,0.0,1.0,0.0,0.0,1.0
70,750.0,65.0,705.6331317949237,5580,670.4163818553365,702.2716741801357,0.0,0.0,1.0,0.0,0.0,1.0,0.0,0.0,0.0,0.0,0.0,1.0,0.0,0.0,1.0
71,725.0,70.0,705.6331317949237,4117,670.4163818553365,702.2716741801357,0.0,0.0,1.0,0.0,0.0,1.0,0.0,0.0,0.0,0.0,0.0,1.0,0.0,0.0,1.0
72,700.0,80.0,699.6096264559128,29460,701.6979621920462,687.6335443462581,0.0,1.0,0.0,0.0,0.0,1.0,0.0,0.0,0.0,0.0,0.0,1.0,0.0,0.0,1.0
73,650.0,40.0,705.6331317949237,12224,678.6636365033631,702.2716741801357,0.0,1.0,0.0,0.0,0.0,1.0,0.0,0.0,0.0,0.0,0.0,1.0,0.0,0.0,1.0
74,695.0,90.0,705.6331317949237,7729,670.4163818553365,687.6335443462581,0.0,0.0,0.0,1.0,0.0,1.0,0.0,0.0,0.0,0.0,0.0,1.0,0.0,0.0,1.0
75,750.0,55.0,705.6331317949237,6017,670.4163818553365,687.6335443462581,0.0,1.0,0.0,0.0,0.0,1.0,0.0,0.0,0.0,0.0,0.0,1.0,0.0,0.0,1.0
76,650.0,65.0,705.6331317949237,7559,670.4163818553365,702.2716741801357,0.0,0.0,1.0,0.0,0.0,1.0,0.0,0.0,0.0,0.0,0.0,1.0,0.0,0.0,1.0
77,666.0,70.0,692.2585878985183,24862,701.6979621920462,702.2716741801357,0.0,1.0,0.0,0.0,0.0,0.0,1.0,0.0,0.0,0.0,0.0,1.0,0.0,0.0,1.0
78,750.0,78.0,699.6096264559128,29976,670.4163818553365,702.2716741801357,0.0,0.0,1.0,0.0,0.0,0.0,1.0,0.0,0.0,0.0,0.0,1.0,0.0,0.0,1.0
79,630.0,74.0,684.7290276328325,36483,670.4163818553365,702.2716741801357,0.0,0.0,0.0,1.0,0.0,1.0,0.0,0.0,0.0,0.0,0.0,1.0,0.0,0.0,1.0
80,635.0,55.0,685.5136046565373,14528,696.0917641954768,702.2716741801357,1.0,0.0,0.0,0.0,0.0,1.0,0.0,0.0,0.0,0.0,0.0,0.0,0.0,1.0,1.0
81,725.0,69.0,695.799965670853,35892,701.6979621920462,702.2716741801357,0.0,0.0,1.0,0.0,0.0,1.0,0.0,0.0,0.0,0.0,0.0,1.0,0.0,0.0,1.0
82,750.0,35.0,705.6331317949237,859,701.6979621920462,687.6335443462581,0.0,1.0,0.0,0.0,0.0,1.0,0.0,0.0,0.0,0.0,0.0,1.0,0.0,0.0,0.0
83,690.0,65.0,705.6331317949237,4724,697.6398926981135,687.6335443462581,0.0,0.0,1.0,0.0,0.0,1.0,0.0,0.0,0.0,0.0,0.0,1.0,0.0,0.0,1.0
84,700.0,30.0,705.6331317949237,1041,696.0917641954768,702.2716741801357,1.0,0.0,0.0,0.0,0.0,1.0,0.0,0.0,0.0,0.0,0.0,0.0,0.0,1.0,0.0
85,730.0,64.0,697.3742686460787,20235,701.6979621920462,687.6335443462581,0.0,0.0,0.0,1.0,0.0,1.0,0.0,0.0,0.0,0.0,0.0,1.0,0.0,0.0,1.0
86,750.0,51.0,705.6331317949237,3436,701.6979621920462,702.2716741801357,0.0,1.0,0.0,0.0,0.0,1.0,0.0,0.0,0.0,0.0,0.0,1.0,0.0,0.0,1.0
87,750.0,48.0,701.0123730059954,20526,710.7463805527138,702.2716741801357,0.0,1.0,0.0,0.0,0.0,1.0,0.0,0.0,0.0,0.0,0.0,1.0,0.0,0.0,0.0
88,690.0,35.0,705.6331317949237,4802,670.4163818553365,687.6335443462581,0.0,1.0,0.0,0.0,0.0,1.0,0.0,0.0,0.0,0.0,0.0,1.0,0.0,0.0,1.0
89,750.0,74.0,698.2726670638707,13017,710.7463805527138,702.2716741801357,0.0,0.0,0.0,1.0,0.0,1.0,0.0,0.0,0.0,0.0,0.0,1.0,0.0,0.0,1.0
90,700.0,35.0,705.6331317949237,852,678.6636365033631,687.6335443462581,0.0,1.0,0.0,0.0,0.0,1.0,0.0,0.0,0.0,0.0,1.0,0.0,0.0,0.0,1.0
91,720.0,42.0,705.6331317949237,8333,710.7463805527138,702.2716741801357,0.0,1.0,0.0,0.0,0.0,1.0,0.0,0.0,0.0,0.0,0.0,1.0,0.0,0.0,1.0
92,595.0,55.0,680.1752310301276,29699,701.6979621920462,687.6335443462581,0.0,1.0,0.0,0.0,0.0,1.0,0.0,0.0,0.0,0.0,0.0,1.0,0.0,0.0,1.0
93,700.0,45.0,705.6331317949237,1113,701.6979621920462,687.6335443462581,0.0,1.0,0.0,0.0,0.0,1.0,0.0,0.0,0.0,0.0,0.0,1.0,0.0,0.0,0.0
94,500.0,45.0,679.7347132709223,32188,670.4163818553365,687.6335443462581,0.0,1.0,0.0,0.0,0.0,1.0,0.0,0.0,0.0,0.0,0.0,1.0,0.0,0.0,1.0
95,700.0,75.0,681.6927156331628,43915,701.6979621920462,687.6335443462581,0.0,0.0,1.0,0.0,0.0,1.0,0.0,0.0,0.0,0.0,0.0,1.0,0.0,0.0,1.0
96,675.0,87.0,682.4242993548665,44503,696.0917641954768,687.6335443462581,0.0,0.0,1.0,0.0,0.0,0.0,1.0,0.0,0.0,0.0,1.0,0.0,0.0,0.0,1.0
97,650.0,45.0,687.3311971200925,37741,678.6636365033631,687.6335443462581,0.0,1.0,0.0,0.0,0.0,1.0,0.0,0.0,0.0,0.0,0.0,1.0,0.0,0.0,1.0
98,750.0,55.0,705.6331317949237,918,696.0917641954768,702.2716741801357,1.0,0.0,0.0,0.0,0.0,1.0,0.0,0.0,0.0,0.0,0.0,0.0,0.0,1.0,1.0
99,720.0,45.0,701.4047554950265,15433,698.291590668491,702.2716741801357,1.0,0.0,0.0,0.0,0.0,1.0,0.0,0.0,0.0,0.0,0.0,0.0,0.0,1.0,1.0
100,624.0,45.0,686.0797448849435,24077,670.4163818553365,702.2716741801357,0.0,1.0,0.0,0.0,0.0,1.0,0.0,0.0,0.0,0.0,0.0,1.0,0.0,0.0,1.0
101,633.0,45.0,686.0797448849435,24077,670.4163818553365,702.2716741801357,0.0,1.0,0.0,0.0,0.0,1.0,0.0,0.0,0.0,0.0,0.0,1.0,0.0,0.0,1.0
102,640.0,33.0,705.6331317949237,11189,696.0917641954768,702.2716741801357,1.0,0.0,0.0,0.0,0.0,1.0,0.0,0.0,0.0,0.0,0.0,0.0,0.0,1.0,1.0
103,645.0,84.0,681.6927156331628,43827,696.0917641954768,702.2716741801357,0.0,0.0,1.0,0.0,0.0,0.0,1.0,0.0,0.0,0.0,0.0,1.0,0.0,0.0,1.0
104,750.0,46.0,705.6331317949237,1069,697.6398926981135,687.6335443462581,0.0,1.0,0.0,0.0,0.0,1.0,0.0,0.0,0.0,0.0,0.0,1.0,0.0,0.0,0.0
105,735.0,35.0,705.6331317949237,11088,701.6979621920462,702.2716741801357,1.0,0.0,0.0,0.0,0.0,1.0,0.0,0.0,0.0,0.0,0.0,0.0,0.0,1.0,1.0
106,600.0,55.0,680.8257734019426,25189,670.4163818553365,673.696037921879,0.0,1.0,0.0,0.0,0.0,1.0,0.0,0.0,0.0,0.0,0.0,1.0,0.0,0.0,1.0
107,750.0,75.0,705.6331317949237,8286,670.4163818553365,687.6335443462581,0.0,0.0,0.0,1.0,0.0,1.0,0.0,0.0,0.0,0.0,0.0,1.0,0.0,0.0,1.0
108,600.0,25.0,705.6331317949237,183,698.291590668491,702.2716741801357,0.0,1.0,0.0,0.0,0.0,1.0,0.0,0.0,0.0,0.0,0.0,0.0,1.0,0.0,1.0
109,705.0,48.0,705.6331317949237,11472,710.7463805527138,702.2716741801357,0.0,1.0,0.0,0.0,0.0,1.0,0.0,0.0,0.0,0.0,0.0,1.0,0.0,0.0,1.0
110,650.0,62.0,688.8603520666804,43229,697.6398926981135,687.6335443462581,0.0,0.0,1.0,0.0,0.0,1.0,0.0,0.0,0.0,0.0,0.0,1.0,0.0,0.0,1.0
111,700.0,61.0,697.87082586322,23917,701.6979621920462,687.6335443462581,0.0,0.0,1.0,0.0,0.0,1.0,0.0,0.0,0.0,0.0,1.0,0.0,0.0,0.0,1.0
112,650.0,40.0,705.6331317949237,5088,690.1951758466795,702.2716741801357,1.0,0.0,0.0,0.0,0.0,1.0,0.0,0.0,0.0,0.0,0.0,0.0,0.0,1.0,0.0
113,700.0,40.0,705.6331317949237,3076,678.6636365033631,687.6335443462581,0.0,1.0,0.0,0.0,0.0,1.0,0.0,0.0,0.0,0.0,0.0,1.0,0.0,0.0,1.0
114,730.0,51.0,705.6331317949237,6767,710.7463805527138,687.6335443462581,0.0,0.0,1.0,0.0,0.0,1.0,0.0,0.0,0.0,0.0,0.0,1.0,0.0,0.0,1.0
115,750.0,50.0,705.6331317949237,8331,697.6398926981135,687.6335443462581,0.0,0.0,1.0,0.0,0.0,1.0,0.0,0.0,0.0,0.0,0.0,1.0,0.0,0.0,1.0
116,680.0,56.0,693.2021808922763,19298,697.6398926981135,687.6335443462581,0.0,0.0,1.0,0.0,0.0,1.0,0.0,0.0,0.0,0.0,0.0,1.0,0.0,0.0,1.0
117,710.0,78.0,697.3742686460787,21617,710.7463805527138,687.6335443462581,0.0,0.0,0.0,1.0,0.0,1.0,0.0,0.0,0.0,0.0,0.0,1.0,0.0,0.0,1.0
118,720.0,47.0,705.6331317949237,7088,701.6979621920462,687.6335443462581,0.0,0.0,1.0,0.0,0.0,1.0,0.0,0.0,0.0,0.0,0.0,1.0,0.0,0.0,1.0
119,750.0,43.0,705.6331317949237,5332,670.4163818553365,702.2716741801357,1.0,0.0,0.0,0.0,0.0,1.0,0.0,0.0,0.0,0.0,0.0,0.0,0.0,1.0,1.0
120,695.0,40.0,705.6331317949237,12376,670.4163818553365,702.2716741801357,1.0,0.0,0.0,0.0,0.0,1.0,0.0,0.0,0.0,0.0,0.0,0.0,0.0,1.0,1.0
121,630.0,54.0,684.7290276328325,32432,670.4163818553365,673.696037921879,0.0,1.0,0.0,0.0,0.0,0.0,1.0,0.0,0.0,0.0,0.0,1.0,0.0,0.0,1.0
122,750.0,90.0,700.3420445563922,26401,670.4163818553365,702.2716741801357,0.0,0.0,0.0,1.0,0.0,1.0,0.0,0.0,0.0,0.0,0.0,1.0,0.0,0.0,1.0
123,730.0,50.0,705.6331317949237,8717,696.0917641954768,702.2716741801357,0.0,1.0,0.0,0.0,0.0,1.0,0.0,0.0,0.0,0.0,0.0,1.0,0.0,0.0,1.0
124,600.0,90.0,686.0797448849435,25182,670.4163818553365,702.2716741801357,0.0,0.0,0.0,1.0,0.0,1.0,0.0,0.0,0.0,0.0,0.0,1.0,0.0,0.0,1.0
125,650.0,45.0,705.6331317949237,5656,678.6636365033631,702.2716741801357,1.0,0.0,0.0,0.0,0.0,1.0,0.0,0.0,0.0,0.0,0.0,0.0,0.0,1.0,1.0
126,750.0,38.0,705.6331317949237,470,678.6636365033631,702.2716741801357,0.0,1.0,0.0,0.0,0.0,1.0,0.0,0.0,0.0,0.0,0.0,1.0,0.0,0.0,0.0
127,730.0,50.0,697.678872980834,16410,670.4163818553365,702.2716741801357,0.0,1.0,0.0,0.0,0.0,1.0,0.0,0.0,0.0,0.0,0.0,1.0,0.0,0.0,1.0
128,735.0,30.0,705.6331317949237,11188,696.0917641954768,702.2716741801357,1.0,0.0,0.0,0.0,0.0,1.0,0.0,0.0,0.0,0.0,0.0,0.0,0.0,1.0,1.0
129,610.0,72.0,689.0655122002563,19544,678.6636365033631,702.2716741801357,0.0,1.0,0.0,0.0,0.0,1.0,0.0,0.0,0.0,0.0,0.0,1.0,0.0,0.0,0.0
130,580.0,54.0,678.2236039146826,39053,670.4163818553365,673.696037921879,0.0,0.0,0.0,1.0,0.0,0.0,1.0,0.0,1.0,0.0,0.0,0.0,0.0,0.0,0.0
131,725.0,50.0,692.2585878985183,23787,690.1951758466795,687.6335443462581,0.0,1.0,0.0,0.0,0.0,1.0,0.0,0.0,0.0,0.0,0.0,1.0,0.0,0.0,1.0
132,750.0,48.0,705.6331317949237,5085,701.6979621920462,687.6335443462581,0.0,1.0,0.0,0.0,0.0,1.0,0.0,0.0,0.0,0.0,0.0,1.0,0.0,0.0,1.0
133,750.0,70.0,699.6096264559128,29660,696.0917641954768,687.6335443462581,0.0,0.0,0.0,1.0,0.0,1.0,0.0,0.0,0.0,0.0,0.0,1.0,0.0,0.0,1.0
134,750.0,49.0,705.6331317949237,8465,700.3420445563922,702.2716741801357,0.0,1.0,0.0,0.0,0.0,1.0,0.0,0.0,0.0,0.0,0.0,1.0,0.0,0.0,1.0
135,730.0,60.0,697.3742686460787,20948,697.6398926981135,687.6335443462581,0.0,0.0,0.0,1.0,0.0,1.0,0.0,0.0,0.0,0.0,0.0,1.0,0.0,0.0,1.0
136,560.0,26.0,705.6331317949237,625,678.6636365033631,687.6335443462581,0.0,1.0,0.0,0.0,0.0,1.0,0.0,0.0,0.0,0.0,0.0,1.0,0.0,0.0,0.0
137,700.0,23.0,705.6331317949237,1271,670.4163818553365,673.696037921879,1.0,0.0,0.0,0.0,0.0,1.0,0.0,0.0,0.0,0.0,0.0,0.0,0.0,1.0,1.0
138,750.0,80.0,701.0123730059954,14991,696.0917641954768,702.2716741801357,0.0,0.0,0.0,1.0,0.0,1.0,0.0,0.0,0.0,0.0,0.0,1.0,0.0,0.0,1.0
139,730.0,70.0,689.0655122002563,18781,697.6398926981135,687.6335443462581,0.0,0.0,0.0,1.0,0.0,1.0,0.0,0.0,0.0,0.0,0.0,1.0,0.0,0.0,1.0
140,730.0,52.0,705.6331317949237,8827,710.7463805527138,687.6335443462581,0.0,0.0,1.0,0.0,0.0,1.0,0.0,0.0,0.0,0.0,0.0,1.0,0.0,0.0,1.0
141,740.0,64.0,705.6331317949237,8365,697.6398926981135,687.6335443462581,0.0,0.0,1.0,0.0,0.0,1.0,0.0,0.0,0.0,0.0,0.0,1.0,0.0,0.0,1.0
142,720.0,65.0,705.6331317949237,7511,696.0917641954768,687.6335443462581,0.0,0.0,1.0,0.0,0.0,1.0,0.0,0.0,0.0,0.0,0.0,1.0,0.0,0.0,1.0
143,720.0,63.0,693.2021808922763,19731,696.0917641954768,687.6335443462581,0.0,0.0,1.0,0.0,0.0,1.0,0.0,0.0,0.0,0.0,0.0,1.0,0.0,0.0,1.0
144,740.0,54.0,705.6331317949237,6636,701.6979621920462,702.2716741801357,0.0,0.0,1.0,0.0,0.0,1.0,0.0,0.0,0.0,0.0,0.0,1.0,0.0,0.0,1.0
145,720.0,52.0,696.1649909275795,12695,697.6398926981135,687.6335443462581,0.0,0.0,1.0,0.0,0.0,1.0,0.0,0.0,0.0,0.0,0.0,1.0,0.0,0.0,1.0
146,730.0,45.0,705.6331317949237,4385,697.6398926981135,687.6335443462581,0.0,0.0,1.0,0.0,0.0,1.0,0.0,0.0,0.0,0.0,0.0,1.0,0.0,0.0,1.0
147,600.0,80.0,705.6331317949237,7223,670.4163818553365,673.696037921879,0.0,1.0,0.0,0.0,0.0,1.0,0.0,0.0,0.0,0.0,1.0,0.0,0.0,0.0,0.0
148,600.0,80.0,705.6331317949237,7141,670.4163818553365,673.696037921879,0.0,1.0,0.0,0.0,0.0,1.0,0.0,0.0,0.0,0.0,1.0,0.0,0.0,0.0,0.0
149,725.0,71.0,697.87082586322,23158,701.6979621920462,687.6335443462581,0.0,0.0,1.0,0.0,0.0,1.0,0.0,0.0,0.0,0.0,1.0,0.0,0.0,0.0,1.0
150,675.0,76.0,688.6004048272027,43485,696.0917641954768,687.6335443462581,0.0,0.0,0.0,1.0,0.0,1.0,0.0,0.0,0.0,0.0,0.0,1.0,0.0,0.0,1.0
151,750.0,54.0,701.4047554950265,15834,697.6398926981135,702.2716741801357,0.0,1.0,0.0,0.0,0.0,1.0,0.0,0.0,0.0,0.0,0.0,1.0,0.0,0.0,1.0
152,750.0,79.0,695.799965670853,34697,701.6979621920462,687.6335443462581,0.0,0.0,1.0,0.0,0.0,0.0,1.0,0.0,0.0,0.0,1.0,0.0,0.0,0.0,1.0
153,700.0,54.0,705.6331317949237,3354,696.0917641954768,702.2716741801357,0.0,1.0,0.0,0.0,0.0,1.0,0.0,0.0,0.0,0.0,0.0,1.0,0.0,0.0,1.0
154,750.0,54.0,705.6331317949237,8322,697.6398926981135,687.6335443462581,0.0,0.0,1.0,0.0,0.0,1.0,0.0,0.0,0.0,0.0,0.0,1.0,0.0,0.0,1.0
155,730.0,48.0,705.6331317949237,6997,697.6398926981135,687.6335443462581,0.0,0.0,1.0,0.0,0.0,1.0,0.0,0.0,0.0,0.0,0.0,1.0,0.0,0.0,1.0
156,650.0,61.0,699.6096264559128,28605,710.7463805527138,687.6335443462581,0.0,0.0,1.0,0.0,0.0,1.0,0.0,0.0,0.0,0.0,0.0,1.0,0.0,0.0,1.0
157,730.0,63.0,705.6331317949237,7893,701.6979621920462,687.6335443462581,0.0,0.0,1.0,0.0,0.0,1.0,0.0,0.0,0.0,0.0,0.0,1.0,0.0,0.0,1.0
158,720.0,50.0,705.6331317949237,7041,696.0917641954768,687.6335443462581,0.0,0.0,1.0,0.0,0.0,1.0,0.0,0.0,0.0,0.0,0.0,1.0,0.0,0.0,1.0
159,720.0,51.0,705.6331317949237,6973,701.6979621920462,687.6335443462581,0.0,0.0,1.0,0.0,0.0,1.0,0.0,0.0,0.0,0.0,0.0,1.0,0.0,0.0,1.0
160,750.0,47.0,705.6331317949237,4538,701.6979621920462,687.6335443462581,0.0,0.0,1.0,0.0,0.0,1.0,0.0,0.0,0.0,0.0,0.0,1.0,0.0,0.0,1.0
161,730.0,50.0,705.6331317949237,7411,697.6398926981135,687.6335443462581,0.0,0.0,1.0,0.0,0.0,1.0,0.0,0.0,0.0,0.0,0.0,1.0,0.0,0.0,1.0
162,730.0,40.0,705.6331317949237,4201,696.0917641954768,687.6335443462581,0.0,0.0,1.0,0.0,0.0,1.0,0.0,0.0,0.0,0.0,0.0,1.0,0.0,0.0,1.0
163,670.0,67.0,686.0797448849435,25100,701.6979621920462,702.2716741801357,0.0,0.0,1.0,0.0,0.0,1.0,0.0,0.0,0.0,0.0,0.0,1.0,0.0,0.0,1.0
164,740.0,52.0,705.6331317949237,4862,697.6398926981135,687.6335443462581,0.0,0.0,1.0,0.0,0.0,1.0,0.0,0.0,0.0,0.0,0.0,1.0,0.0,0.0,1.0
165,720.0,69.0,699.6096264559128,29084,701.6979621920462,702.2716741801357,0.0,0.0,1.0,0.0,0.0,1.0,0.0,0.0,0.0,0.0,0.0,1.0,0.0,0.0,1.0
166,750.0,59.0,705.6331317949237,8400,710.7463805527138,687.6335443462581,0.0,0.0,1.0,0.0,0.0,1.0,0.0,0.0,0.0,0.0,0.0,1.0,0.0,0.0,1.0
167,740.0,45.0,705.6331317949237,7720,697.6398926981135,687.6335443462581,0.0,0.0,1.0,0.0,0.0,1.0,0.0,0.0,0.0,0.0,0.0,1.0,0.0,0.0,1.0
168,740.0,60.0,705.6331317949237,6670,701.6979621920462,702.2716741801357,0.0,0.0,1.0,0.0,0.0,1.0,0.0,0.0,0.0,0.0,0.0,1.0,0.0,0.0,1.0
169,730.0,45.0,705.6331317949237,854,670.4163818553365,702.2716741801357,1.0,0.0,0.0,0.0,0.0,1.0,0.0,0.0,0.0,0.0,0.0,0.0,0.0,1.0,0.0
170,620.0,75.0,697.3742686460787,21044,670.4163818553365,702.2716741801357,0.0,0.0,0.0,1.0,0.0,1.0,0.0,0.0,0.0,0.0,0.0,1.0,0.0,0.0,1.0
171,695.0,67.0,695.3383304099759,16111,670.4163818553365,687.6335443462581,0.0,0.0,1.0,0.0,0.0,1.0,0.0,0.0,0.0,0.0,0.0,1.0,0.0,0.0,1.0
172,650.0,95.0,693.7070431636203,29884,670.4163818553365,702.2716741801357,0.0,0.0,0.0,1.0,0.0,1.0,0.0,0.0,0.0,0.0,0.0,1.0,0.0,0.0,1.0
173,675.0,68.0,699.6096264559128,30461,670.4163818553365,702.2716741801357,0.0,0.0,1.0,0.0,0.0,1.0,0.0,0.0,0.0,0.0,0.0,1.0,0.0,0.0,1.0
174,695.0,65.0,705.6331317949237,8484,670.4163818553365,687.6335443462581,0.0,0.0,1.0,0.0,0.0,1.0,0.0,0.0,0.0,0.0,0.0,1.0,0.0,0.0,1.0
175,750.0,111.0,697.3742686460787,20583,697.4660963834832,702.2716741801357,0.0,0.0,1.0,0.0,0.0,0.0,1.0,0.0,0.0,0.0,0.0,1.0,0.0,0.0,1.0
176,675.0,35.0,705.6331317949237,1016,670.4163818553365,673.696037921879,0.0,1.0,0.0,0.0,0.0,1.0,0.0,0.0,0.0,0.0,0.0,1.0,0.0,0.0,0.0
177,730.0,60.0,697.3742686460787,20756,697.6398926981135,687.6335443462581,0.0,0.0,0.0,1.0,0.0,1.0,0.0,0.0,0.0,0.0,0.0,1.0,0.0,0.0,0.0
178,690.0,85.0,697.3742686460787,20804,670.4163818553365,702.2716741801357,0.0,0.0,1.0,0.0,0.0,1.0,0.0,0.0,0.0,0.0,0.0,1.0,0.0,0.0,1.0
179,750.0,45.0,705.6331317949237,5089,678.6636365033631,687.6335443462581,0.0,1.0,0.0,0.0,0.0,1.0,0.0,0.0,0.0,0.0,0.0,1.0,0.0,0.0,0.0
180,600.0,32.0,705.6331317949237,6325,701.6979621920462,702.2716741801357,1.0,0.0,0.0,0.0,0.0,1.0,0.0,0.0,0.0,0.0,0.0,0.0,0.0,1.0,1.0
181,723.0,25.0,697.678872980834,16775,670.4163818553365,702.2716741801357,1.0,0.0,0.0,0.0,0.0,1.0,0.0,0.0,0.0,0.0,0.0,0.0,0.0,1.0,1.0
182,725.0,50.0,705.6331317949237,10503,701.6979621920462,702.2716741801357,0.0,1.0,0.0,0.0,0.0,1.0,0.0,0.0,0.0,0.0,0.0,1.0,0.0,0.0,1.0
183,750.0,67.0,696.1649909275795,11657,670.4163818553365,673.696037921879,0.0,0.0,0.0,1.0,0.0,1.0,0.0,0.0,0.0,0.0,0.0,1.0,0.0,0.0,1.0
184,600.0,45.0,680.8257734019426,41003,670.4163818553365,673.696037921879,0.0,0.0,1.0,0.0,0.0,1.0,0.0,0.0,0.0,0.0,0.0,1.0,0.0,0.0,1.0
185,750.0,70.0,701.0123730059954,14642,696.0917641954768,687.6335443462581,0.0,0.0,0.0,1.0,0.0,1.0,0.0,0.0,0.0,0.0,0.0,1.0,0.0,0.0,1.0
186,450.0,60.0,665.5496067808734,53238,670.4163818553365,687.6335443462581,0.0,1.0,0.0,0.0,0.0,1.0,0.0,0.0,0.0,0.0,0.0,0.0,1.0,0.0,1.0
187,720.0,54.0,705.6331317949237,3296,678.6636365033631,687.6335443462581,0.0,1.0,0.0,0.0,0.0,1.0,0.0,0.0,0.0,0.0,0.0,1.0,0.0,0.0,1.0
188,550.0,75.0,665.5496067808734,53247,670.4163818553365,687.6335443462581,0.0,0.0,1.0,0.0,0.0,0.0,1.0,0.0,0.0,0.0,0.0,0.0,1.0,0.0,1.0
189,720.0,49.0,705.6331317949237,8411,697.6398926981135,687.6335443462581,0.0,0.0,0.0,1.0,0.0,1.0,0.0,0.0,0.0,0.0,0.0,1.0,0.0,0.0,0.0
190,740.0,65.0,705.6331317949237,8443,701.6979621920462,702.2716741801357,0.0,0.0,0.0,1.0,0.0,1.0,0.0,0.0,0.0,0.0,0.0,1.0,0.0,0.0,1.0
191,660.0,155.0,681.6927156331628,41119,670.4163818553365,673.696037921879,0.0,0.0,0.0,1.0,0.0,0.0,1.0,0.0,0.0,0.0,0.0,1.0,0.0,0.0,0.0
192,720.0,56.0,705.6331317949237,6691,710.7463805527138,687.6335443462581,0.0,0.0,1.0,0.0,0.0,1.0,0.0,0.0,0.0,0.0,0.0,1.0,0.0,0.0,0.0
193,650.0,31.0,705.6331317949237,1207,697.6398926981135,687.6335443462581,0.0,1.0,0.0,0.0,0.0,1.0,0.0,0.0,0.0,0.0,0.0,1.0,0.0,0.0,0.0
194,650.0,96.0,681.6927156331628,43953,697.6398926981135,687.6335443462581,0.0,0.0,1.0,0.0,0.0,1.0,0.0,0.0,0.0,0.0,0.0,1.0,0.0,0.0,1.0
195,660.0,168.0,681.6927156331628,41221,697.6398926981135,702.2716741801357,0.0,0.0,0.0,0.0,1.0,0.0,1.0,0.0,0.0,0.0,0.0,1.0,0.0,0.0,0.0
196,690.0,64.0,699.6096264559128,30634,678.6636365033631,687.6335443462581,0.0,0.0,1.0,0.0,0.0,1.0,0.0,0.0,0.0,0.0,0.0,1.0,0.0,0.0,1.0
197,750.0,25.0,705.6331317949237,3177,698.291590668491,702.2716741801357,1.0,0.0,0.0,0.0,0.0,1.0,0.0,0.0,0.0,0.0,0.0,0.0,0.0,1.0,1.0
198,725.0,45.0,705.6331317949237,10508,696.0917641954768,702.2716741801357,0.0,1.0,0.0,0.0,0.0,1.0,0.0,0.0,0.0,0.0,0.0,1.0,0.0,0.0,1.0
199,620.0,85.0,689.0655122002563,19767,678.6636365033631,702.2716741801357,0.0,1.0,0.0,0.0,0.0,1.0,0.0,0.0,0.0,0.0,0.0,1.0,0.0,0.0,0.0
200,590.0,52.0,679.5246886583126,44526,678.6636365033631,687.6335443462581,0.0,1.0,0.0,0.0,0.0,1.0,0.0,0.0,0.0,0.0,0.0,1.0,0.0,0.0,1.0
201,750.0,80.0,701.0123730059954,20818,701.6979621920462,702.2716741801357,1.0,0.0,0.0,0.0,0.0,1.0,0.0,0.0,0.0,0.0,0.0,0.0,1.0,0.0,1.0
202,720.0,36.0,705.6331317949237,5975,696.0917641954768,702.2716741801357,1.0,0.0,0.0,0.0,0.0,1.0,0.0,0.0,0.0,0.0,0.0,0.0,0.0,1.0,1.0
203,700.0,82.0,690.3735431384588,42463,697.6398926981135,687.6335443462581,0.0,0.0,1.0,0.0,0.0,1.0,0.0,0.0,0.0,0.0,0.0,1.0,0.0,0.0,1.0
204,692.0,83.0,693.2021808922763,20294,670.4163818553365,702.2716741801357,0.0,0.0,1.0,0.0,0.0,0.0,1.0,0.0,0.0,0.0,0.0,1.0,0.0,0.0,1.0
205,670.0,79.0,693.2021808922763,20294,670.4163818553365,702.2716741801357,0.0,0.0,1.0,0.0,0.0,0.0,1.0,0.0,0.0,0.0,0.0,1.0,0.0,0.0,1.0
206,609.0,56.0,699.6096264559128,30186,678.6636365033631,702.2716741801357,0.0,1.0,0.0,0.0,0.0,1.0,0.0,0.0,0.0,0.0,0.0,1.0,0.0,0.0,1.0
207,718.0,86.0,693.2021808922763,20294,670.4163818553365,702.2716741801357,0.0,0.0,1.0,0.0,0.0,0.0,1.0,0.0,0.0,0.0,0.0,1.0,0.0,0.0,1.0
208,694.0,81.0,693.2021808922763,20294,670.4163818553365,702.2716741801357,0.0,0.0,1.0,0.0,0.0,0.0,1.0,0.0,0.0,0.0,0.0,1.0,0.0,0.0,1.0
209,658.0,78.0,693.2021808922763,20294,670.4163818553365,702.2716741801357,0.0,0.0,1.0,0.0,0.0,0.0,1.0,0.0,0.0,0.0,0.0,1.0,0.0,0.0,1.0
210,750.0,36.0,705.6331317949237,3620,696.0917641954768,702.2716741801357,0.0,0.0,1.0,0.0,0.0,1.0,0.0,0.0,0.0,0.0,0.0,1.0,0.0,0.0,0.0
211,723.0,88.0,693.2021808922763,20294,670.4163818553365,702.2716741801357,0.0,0.0,1.0,0.0,0.0,0.0,1.0,0.0,0.0,0.0,0.0,1.0,0.0,0.0,1.0
212,728.0,91.0,693.2021808922763,20294,670.4163818553365,702.2716741801357,0.0,0.0,1.0,0.0,0.0,0.0,1.0,0.0,0.0,0.0,0.0,1.0,0.0,0.0,1.0
213,650.0,28.0,705.6331317949237,4920,678.6636365033631,687.6335443462581,1.0,0.0,0.0,0.0,0.0,1.0,0.0,0.0,0.0,0.0,0.0,0.0,0.0,1.0,1.0
214,750.0,60.0,699.6096264559128,29663,701.6979621920462,687.6335443462581,0.0,0.0,1.0,0.0,0.0,1.0,0.0,0.0,0.0,0.0,0.0,1.0,0.0,0.0,0.0
215,735.0,60.0,697.3742686460787,20886,710.7463805527138,687.6335443462581,0.0,0.0,0.0,1.0,0.0,1.0,0.0,0.0,0.0,0.0,0.0,1.0,0.0,0.0,1.0
216,699.0,78.0,699.0963030617975,27684,696.0917641954768,687.6335443462581,0.0,0.0,1.0,0.0,0.0,1.0,0.0,0.0,0.0,0.0,0.0,0.0,1.0,0.0,1.0
217,725.0,67.0,697.3559416462749,17191,710.7463805527138,687.6335443462581,0.0,0.0,0.0,1.0,0.0,1.0,0.0,0.0,0.0,0.0,0.0,1.0,0.0,0.0,1.0
218,740.0,77.0,699.6096264559128,28385,678.6636365033631,702.2716741801357,0.0,0.0,0.0,1.0,0.0,0.0,1.0,0.0,0.0,0.0,0.0,1.0,0.0,0.0,1.0
219,720.0,73.0,695.799965670853,34761,696.0917641954768,702.2716741801357,0.0,1.0,0.0,0.0,0.0,1.0,0.0,0.0,0.0,0.0,0.0,1.0,0.0,0.0,1.0
220,750.0,79.0,696.1649909275795,11728,690.1951758466795,702.2716741801357,0.0,0.0,0.0,1.0,0.0,1.0,0.0,0.0,0.0,0.0,0.0,1.0,0.0,0.0,1.0
221,710.0,66.0,697.3742686460787,20588,710.7463805527138,687.6335443462581,0.0,0.0,0.0,1.0,0.0,1.0,0.0,0.0,0.0,0.0,0.0,1.0,0.0,0.0,1.0
222,725.0,62.0,705.6331317949237,7748,697.6398926981135,687.6335443462581,0.0,0.0,1.0,0.0,0.0,1.0,0.0,0.0,0.0,0.0,0.0,1.0,0.0,0.0,1.0
223,750.0,46.0,705.6331317949237,5680,678.6636365033631,687.6335443462581,0.0,1.0,0.0,0.0,0.0,1.0,0.0,0.0,0.0,0.0,0.0,1.0,0.0,0.0,0.0
224,750.0,61.0,705.6331317949237,3161,701.6979621920462,702.2716741801357,0.0,0.0,1.0,0.0,0.0,1.0,0.0,0.0,0.0,0.0,0.0,1.0,0.0,0.0,1.0
225,730.0,161.0,681.6927156331628,44159,697.6398926981135,687.6335443462581,0.0,0.0,0.0,0.0,1.0,1.0,0.0,0.0,0.0,0.0,0.0,1.0,0.0,0.0,1.0
226,720.0,110.0,697.3742686460787,21417,670.4163818553365,702.2716741801357,0.0,0.0,1.0,0.0,0.0,1.0,0.0,0.0,0.0,0.0,0.0,1.0,0.0,0.0,0.0
227,720.0,48.0,705.6331317949237,3551,678.6636365033631,687.6335443462581,0.0,0.0,1.0,0.0,0.0,1.0,0.0,0.0,0.0,0.0,0.0,1.0,0.0,0.0,0.0
228,700.0,57.0,705.6331317949237,8410,710.7463805527138,687.6335443462581,0.0,0.0,1.0,0.0,0.0,1.0,0.0,0.0,0.0,0.0,0.0,1.0,0.0,0.0,0.0
229,750.0,75.0,697.87082586322,24176,701.6979621920462,687.6335443462581,0.0,0.0,1.0,0.0,0.0,0.0,1.0,0.0,0.0,0.0,1.0,0.0,0.0,0.0,1.0
230,610.0,26.0,705.6331317949237,5343,697.6398926981135,702.2716741801357,1.0,0.0,0.0,0.0,0.0,1.0,0.0,0.0,0.0,0.0,0.0,0.0,0.0,1.0,0.0
231,740.0,52.0,697.3559416462749,17525,710.7463805527138,687.6335443462581,0.0,0.0,1.0,0.0,0.0,1.0,0.0,0.0,0.0,0.0,0.0,1.0,0.0,0.0,0.0
232,715.0,62.0,699.0963030617975,26558,678.6636365033631,702.2716741801357,0.0,0.0,1.0,0.0,0.0,1.0,0.0,0.0,0.0,0.0,0.0,1.0,0.0,0.0,1.0
233,550.0,57.0,681.6927156331628,43521,678.6636365033631,687.6335443462581,0.0,0.0,1.0,0.0,0.0,1.0,0.0,0.0,0.0,0.0,0.0,1.0,0.0,0.0,0.0
234,710.0,36.0,705.6331317949237,1315,678.6636365033631,687.6335443462581,0.0,1.0,0.0,0.0,0.0,1.0,0.0,0.0,0.0,0.0,0.0,1.0,0.0,0.0,1.0
235,730.0,51.0,705.6331317949237,8093,696.0917641954768,687.6335443462581,0.0,0.0,1.0,0.0,0.0,1.0,0.0,0.0,0.0,0.0,0.0,1.0,0.0,0.0,1.0
236,750.0,23.0,705.6331317949237,1367,697.9685377881583,702.2716741801357,1.0,0.0,0.0,0.0,0.0,1.0,0.0,0.0,0.0,0.0,0.0,0.0,0.0,1.0,1.0
237,690.0,33.0,705.6331317949237,5232,697.6398926981135,702.2716741801357,0.0,1.0,0.0,0.0,0.0,1.0,0.0,0.0,0.0,0.0,0.0,1.0,0.0,0.0,0.0
238,740.0,73.0,697.3742686460787,21838,710.7463805527138,702.2716741801357,0.0,0.0,0.0,1.0,0.0,1.0,0.0,0.0,0.0,0.0,0.0,1.0,0.0,0.0,1.0
239,750.0,66.0,705.6331317949237,5627,678.6636365033631,702.2716741801357,0.0,1.0,0.0,0.0,0.0,1.0,0.0,0.0,0.0,0.0,1.0,0.0,0.0,0.0,1.0
240,720.0,44.0,705.6331317949237,8176,696.0917641954768,687.6335443462581,0.0,0.0,0.0,1.0,0.0,1.0,0.0,0.0,0.0,0.0,0.0,1.0,0.0,0.0,0.0
241,475.0,79.0,664.5622141065679,45077,696.0917641954768,702.2716741801357,0.0,0.0,1.0,0.0,0.0,0.0,1.0,0.0,0.0,0.0,0.0,1.0,0.0,0.0,1.0
242,740.0,41.0,705.6331317949237,4787,696.0917641954768,687.6335443462581,0.0,0.0,1.0,0.0,0.0,1.0,0.0,0.0,0.0,0.0,0.0,1.0,0.0,0.0,1.0
243,740.0,57.0,705.6331317949237,3642,701.6979621920462,702.2716741801357,0.0,1.0,0.0,0.0,0.0,1.0,0.0,0.0,0.0,0.0,0.0,1.0,0.0,0.0,1.0
244,740.0,62.0,699.0963030617975,26890,701.6979621920462,702.2716741801357,0.0,0.0,1.0,0.0,0.0,1.0,0.0,0.0,0.0,0.0,0.0,1.0,0.0,0.0,1.0
245,700.0,74.0,696.1649909275795,9950,710.7463805527138,687.6335443462581,0.0,0.0,1.0,0.0,0.0,1.0,0.0,0.0,0.0,0.0,0.0,1.0,0.0,0.0,0.0
246,730.0,35.0,705.6331317949237,760,696.0917641954768,702.2716741801357,0.0,1.0,0.0,0.0,0.0,1.0,0.0,0.0,0.0,0.0,0.0,1.0,0.0,0.0,0.0
247,700.0,28.0,705.6331317949237,9700,697.6398926981135,702.2716741801357,1.0,0.0,0.0,0.0,0.0,1.0,0.0,0.0,0.0,0.0,0.0,0.0,0.0,1.0,1.0
248,600.0,180.0,680.8257734019426,35543,670.4163818553365,673.696037921879,0.0,0.0,0.0,1.0,0.0,0.0,1.0,0.0,1.0,0.0,0.0,0.0,0.0,0.0,0.0
249,750.0,109.0,686.0797448849435,24455,697.6398926981135,702.2716741801357,0.0,0.0,1.0,0.0,0.0,0.0,1.0,0.0,0.0,0.0,0.0,1.0,0.0,0.0,1.0
250,749.0,38.0,705.6331317949237,6506,696.0917641954768,702.2716741801357,0.0,1.0,0.0,0.0,0.0,1.0,0.0,0.0,0.0,0.0,0.0,1.0,0.0,0.0,1.0
251,700.0,30.0,705.6331317949237,2411,678.6636365033631,702.2716741801357,1.0,0.0,0.0,0.0,0.0,1.0,0.0,0.0,0.0,0.0,0.0,0.0,0.0,1.0,0.0
252,667.0,70.0,697.3742686460787,21185,697.9685377881583,702.2716741801357,0.0,1.0,0.0,0.0,0.0,1.0,0.0,0.0,0.0,0.0,0.0,1.0,0.0,0.0,1.0
253,725.0,45.0,705.6331317949237,10398,701.6979621920462,702.2716741801357,0.0,1.0,0.0,0.0,0.0,1.0,0.0,0.0,0.0,0.0,0.0,1.0,0.0,0.0,0.0
254,550.0,70.0,665.5496067808734,47595,697.6398926981135,687.6335443462581,0.0,0.0,0.0,1.0,0.0,1.0,0.0,0.0,0.0,0.0,0.0,0.0,1.0,0.0,1.0
255,695.0,55.0,697.3742686460787,19765,710.7463805527138,687.6335443462581,0.0,0.0,0.0,1.0,0.0,1.0,0.0,0.0,0.0,0.0,0.0,1.0,0.0,0.0,1.0
256,750.0,105.0,701.0123730059954,28810,701.6979621920462,687.6335443462581,0.0,0.0,0.0,1.0,0.0,1.0,0.0,0.0,0.0,0.0,0.0,1.0,0.0,0.0,1.0
257,750.0,32.0,705.6331317949237,5006,700.3420445563922,702.2716741801357,1.0,0.0,0.0,0.0,0.0,1.0,0.0,0.0,0.0,0.0,0.0,0.0,0.0,1.0,1.0
258,730.0,80.0,695.799965670853,35774,710.7463805527138,687.6335443462581,0.0,0.0,0.0,1.0,0.0,1.0,0.0,0.0,0.0,0.0,0.0,1.0,0.0,0.0,1.0
259,710.0,30.0,705.6331317949237,1156,678.6636365033631,687.6335443462581,0.0,1.0,0.0,0.0,0.0,1.0,0.0,0.0,0.0,0.0,0.0,1.0,0.0,0.0,1.0
260,650.0,58.0,705.6331317949237,5924,710.7463805527138,702.2716741801357,0.0,1.0,0.0,0.0,0.0,1.0,0.0,0.0,0.0,0.0,0.0,1.0,0.0,0.0,1.0
261,600.0,60.0,680.8257734019426,23776,670.4163818553365,673.696037921879,0.0,0.0,1.0,0.0,0.0,0.0,1.0,0.0,0.0,1.0,0.0,0.0,0.0,0.0,0.0
262,740.0,41.0,705.6331317949237,8358,697.6398926981135,687.6335443462581,0.0,0.0,1.0,0.0,0.0,1.0,0.0,0.0,0.0,0.0,0.0,1.0,0.0,0.0,1.0
263,525.0,40.0,681.6927156331628,43059,697.6398926981135,702.2716741801357,0.0,1.0,0.0,0.0,0.0,1.0,0.0,0.0,0.0,0.0,0.0,1.0,0.0,0.0,1.0
264,750.0,35.0,705.6331317949237,1272,710.7463805527138,687.6335443462581,1.0,0.0,0.0,0.0,0.0,1.0,0.0,0.0,0.0,0.0,0.0,0.0,0.0,1.0,1.0
265,750.0,74.0,699.6096264559128,29245,696.0917641954768,702.2716741801357,0.0,0.0,0.0,1.0,0.0,1.0,0.0,0.0,0.0,0.0,0.0,1.0,0.0,0.0,1.0
266,710.0,69.0,699.6096264559128,28440,698.291590668491,702.2716741801357,0.0,0.0,0.0,1.0,0.0,1.0,0.0,0.0,0.0,0.0,0.0,1.0,0.0,0.0,1.0
267,560.0,46.0,705.6331317949237,3786,678.6636365033631,687.6335443462581,1.0,0.0,0.0,0.0,0.0,1.0,0.0,0.0,0.0,0.0,0.0,0.0,0.0,1.0,1.0
268,600.0,42.0,693.2021808922763,18905,678.6636365033631,687.6335443462581,0.0,1.0,0.0,0.0,0.0,1.0,0.0,0.0,0.0,0.0,0.0,1.0,0.0,0.0,1.0
269,720.0,44.0,705.6331317949237,3589,696.4387903255024,687.6335443462581,0.0,1.0,0.0,0.0,0.0,1.0,0.0,0.0,0.0,0.0,0.0,1.0,0.0,0.0,1.0
270,750.0,60.0,705.6331317949237,2591,670.4163818553365,687.6335443462581,0.0,0.0,1.0,0.0,0.0,1.0,0.0,0.0,0.0,0.0,0.0,1.0,0.0,0.0,1.0
271,750.0,42.0,705.6331317949237,2762,710.7463805527138,702.2716741801357,0.0,1.0,0.0,0.0,0.0,1.0,0.0,0.0,0.0,0.0,0.0,1.0,0.0,0.0,0.0
272,750.0,90.0,705.6331317949237,7228,710.7463805527138,702.2716741801357,1.0,0.0,0.0,0.0,0.0,1.0,0.0,0.0,0.0,0.0,0.0,0.0,0.0,1.0,1.0
273,650.0,45.0,705.6331317949237,3807,678.6636365033631,702.2716741801357,1.0,0.0,0.0,0.0,0.0,1.0,0.0,0.0,0.0,0.0,0.0,0.0,0.0,1.0,0.0
274,650.0,59.0,697.3742686460787,20637,696.0917641954768,702.2716741801357,0.0,1.0,0.0,0.0,0.0,1.0,0.0,0.0,0.0,0.0,0.0,1.0,0.0,0.0,1.0
275,670.0,75.0,683.8160867356914,27056,697.6398926981135,702.2716741801357,0.0,0.0,1.0,0.0,0.0,1.0,0.0,0.0,0.0,0.0,0.0,1.0,0.0,0.0,1.0
276,650.0,45.0,696.1649909275795,12383,696.0917641954768,702.2716741801357,0.0,1.0,0.0,0.0,0.0,1.0,0.0,0.0,0.0,0.0,0.0,1.0,0.0,0.0,1.0
277,750.0,32.0,705.6331317949237,5339,696.0917641954768,702.2716741801357,0.0,1.0,0.0,0.0,0.0,1.0,0.0,0.0,0.0,0.0,0.0,1.0,0.0,0.0,1.0
278,725.0,50.0,705.6331317949237,5564,670.4163818553365,673.696037921879,0.0,1.0,0.0,0.0,0.0,1.0,0.0,0.0,0.0,0.0,0.0,1.0,0.0,0.0,1.0
279,620.0,20.0,705.6331317949237,1893,701.6979621920462,702.2716741801357,1.0,0.0,0.0,0.0,0.0,1.0,0.0,0.0,0.0,0.0,0.0,0.0,0.0,1.0,0.0
280,680.0,35.0,705.6331317949237,3308,678.6636365033631,687.6335443462581,0.0,1.0,0.0,0.0,0.0,1.0,0.0,0.0,0.0,0.0,0.0,1.0,0.0,0.0,1.0
281,750.0,87.0,696.9436818808824,12519,678.6636365033631,702.2716741801357,0.0,0.0,0.0,1.0,0.0,1.0,0.0,0.0,0.0,0.0,0.0,1.0,0.0,0.0,1.0
282,670.0,53.0,696.1649909275795,12383,701.6979621920462,702.2716741801357,0.0,1.0,0.0,0.0,0.0,1.0,0.0,0.0,0.0,0.0,0.0,1.0,0.0,0.0,1.0
283,600.0,75.0,699.6096264559128,28756,670.4163818553365,673.696037921879,0.0,0.0,0.0,1.0,0.0,1.0,0.0,0.0,0.0,0.0,0.0,1.0,0.0,0.0,1.0
284,750.0,70.0,698.2726670638707,12614,710.7463805527138,687.6335443462581,0.0,0.0,1.0,0.0,0.0,1.0,0.0,0.0,0.0,0.0,0.0,1.0,0.0,0.0,1.0
285,700.0,36.0,693.8366208382424,9525,697.6398926981135,687.6335443462581,0.0,0.0,1.0,0.0,0.0,1.0,0.0,0.0,0.0,0.0,0.0,1.0,0.0,0.0,1.0
286,695.0,58.0,705.6331317949237,5659,701.6979621920462,702.2716741801357,0.0,1.0,0.0,0.0,0.0,1.0,0.0,0.0,0.0,0.0,0.0,1.0,0.0,0.0,0.0
287,710.0,66.0,683.8160867356914,25013,696.0917641954768,702.2716741801357,0.0,1.0,0.0,0.0,0.0,1.0,0.0,0.0,0.0,0.0,0.0,1.0,0.0,0.0,1.0
288,620.0,80.0,683.4279428892025,49280,696.0917641954768,687.6335443462581,0.0,0.0,1.0,0.0,0.0,1.0,0.0,0.0,0.0,0.0,0.0,1.0,0.0,0.0,1.0
289,700.0,80.0,693.8366208382424,40907,701.6979621920462,687.6335443462581,0.0,0.0,0.0,1.0,0.0,1.0,0.0,0.0,0.0,0.0,0.0,1.0,0.0,0.0,1.0
290,715.0,89.0,695.7882479536873,39316,678.6636365033631,687.6335443462581,0.0,0.0,0.0,1.0,0.0,1.0,0.0,0.0,0.0,0.0,0.0,1.0,0.0,0.0,1.0
291,750.0,50.0,705.6331317949237,11203,701.6979621920462,702.2716741801357,0.0,1.0,0.0,0.0,0.0,1.0,0.0,0.0,0.0,0.0,0.0,1.0,0.0,0.0,1.0
292,750.0,45.0,705.6331317949237,8426,696.0917641954768,702.2716741801357,0.0,1.0,0.0,0.0,0.0,1.0,0.0,0.0,0.0,0.0,0.0,1.0,0.0,0.0,1.0
293,550.0,25.0,705.6331317949237,4650,678.6636365033631,687.6335443462581,1.0,0.0,0.0,0.0,0.0,1.0,0.0,0.0,0.0,0.0,0.0,0.0,0.0,1.0,0.0
294,730.0,60.0,699.0963030617975,27803,670.4163818553365,687.6335443462581,0.0,1.0,0.0,0.0,0.0,1.0,0.0,0.0,0.0,0.0,0.0,1.0,0.0,0.0,1.0
295,750.0,46.0,705.6331317949237,3889,710.7463805527138,702.2716741801357,0.0,0.0,1.0,0.0,0.0,1.0,0.0,0.0,0.0,0.0,0.0,0.0,1.0,0.0,1.0
296,700.0,45.0,696.9436818808824,13887,678.6636365033631,687.6335443462581,0.0,1.0,0.0,0.0,0.0,1.0,0.0,0.0,0.0,0.0,0.0,1.0,0.0,0.0,1.0
297,680.0,85.0,696.9436818808824,13303,678.6636365033631,702.2716741801357,0.0,0.0,1.0,0.0,0.0,1.0,0.0,0.0,0.0,0.0,0.0,1.0,0.0,0.0,1.0
298,600.0,28.0,705.6331317949237,4418,710.7463805527138,687.6335443462581,0.0,1.0,0.0,0.0,0.0,1.0,0.0,0.0,0.0,0.0,0.0,1.0,0.0,0.0,0.0
299,750.0,80.0,701.0123730059954,30995,701.6979621920462,687.6335443462581,0.0,0.0,1.0,0.0,0.0,1.0,0.0,0.0,0.0,0.0,0.0,1.0,0.0,0.0,1.0
300,700.0,62.0,698.2726670638707,13040,696.0917641954768,702.2716741801357,0.0,1.0,0.0,0.0,0.0,1.0,0.0,0.0,0.0,0.0,0.0,1.0,0.0,0.0,1.0
301,690.0,77.0,705.6331317949237,7283,678.6636365033631,702.2716741801357,0.0,0.0,1.0,0.0,0.0,1.0,0.0,0.0,0.0,0.0,0.0,1.0,0.0,0.0,1.0
302,700.0,50.0,705.6331317949237,7844,678.6636365033631,687.6335443462581,0.0,1.0,0.0,0.0,0.0,1.0,0.0,0.0,0.0,0.0,0.0,1.0,0.0,0.0,1.0
303,750.0,87.0,696.9436818808824,13773,698.291590668491,702.2716741801357,0.0,0.0,1.0,0.0,0.0,1.0,0.0,0.0,0.0,0.0,0.0,1.0,0.0,0.0,1.0
304,735.0,51.0,696.1649909275795,14023,710.7463805527138,702.2716741801357,0.0,1.0,0.0,0.0,0.0,1.0,0.0,0.0,0.0,0.0,0.0,1.0,0.0,0.0,1.0
305,700.0,80.0,697.3559416462749,17777,698.291590668491,702.2716741801357,0.0,0.0,0.0,1.0,0.0,1.0,0.0,0.0,0.0,0.0,0.0,1.0,0.0,0.0,1.0
306,725.0,75.0,695.3383304099759,16247,670.4163818553365,687.6335443462581,0.0,0.0,0.0,1.0,0.0,1.0,0.0,0.0,0.0,0.0,0.0,1.0,0.0,0.0,1.0
307,733.0,68.4,699.6096264559128,28541,696.0917641954768,702.2716741801357,0.0,0.0,1.0,0.0,0.0,1.0,0.0,0.0,0.0,0.0,0.0,1.0,0.0,0.0,1.0
308,750.0,36.0,705.6331317949237,4237,678.6636365033631,702.2716741801357,0.0,1.0,0.0,0.0,0.0,1.0,0.0,0.0,0.0,0.0,0.0,1.0,0.0,0.0,1.0
309,675.0,69.0,705.6331317949237,5656,678.6636365033631,687.6335443462581,0.0,0.0,1.0,0.0,0.0,1.0,0.0,0.0,0.0,0.0,0.0,1.0,0.0,0.0,1.0
310,650.0,85.0,688.8603520666804,43066,696.0917641954768,687.6335443462581,0.0,0.0,1.0,0.0,0.0,1.0,0.0,0.0,0.0,0.0,0.0,1.0,0.0,0.0,1.0
311,730.0,52.0,705.6331317949237,5879,678.6636365033631,702.2716741801357,0.0,1.0,0.0,0.0,0.0,1.0,0.0,0.0,0.0,0.0,0.0,1.0,0.0,0.0,1.0
312,700.0,97.0,693.8366208382424,24605,678.6636365033631,702.2716741801357,0.0,1.0,0.0,0.0,0.0,1.0,0.0,0.0,0.0,0.0,0.0,1.0,0.0,0.0,1.0
313,690.0,38.0,705.6331317949237,5798,696.0917641954768,702.2716741801357,1.0,0.0,0.0,0.0,0.0,1.0,0.0,0.0,0.0,0.0,0.0,0.0,0.0,1.0,0.0
314,700.0,70.0,688.8603520666804,43166,701.6979621920462,687.6335443462581,0.0,0.0,1.0,0.0,0.0,1.0,0.0,0.0,0.0,0.0,0.0,1.0,0.0,0.0,1.0
315,600.0,89.0,682.4242993548665,44474,696.0917641954768,687.6335443462581,0.0,0.0,1.0,0.0,0.0,0.0,1.0,0.0,0.0,0.0,1.0,0.0,0.0,0.0,1.0
316,700.0,25.0,705.6331317949237,691,678.6636365033631,687.6335443462581,1.0,0.0,0.0,0.0,0.0,1.0,0.0,0.0,0.0,0.0,0.0,0.0,0.0,1.0,0.0
317,690.0,60.0,692.5355360946124,29005,678.6636365033631,687.6335443462581,0.0,0.0,1.0,0.0,0.0,1.0,0.0,0.0,0.0,0.0,0.0,1.0,0.0,0.0,1.0
318,750.0,114.0,700.3420445563922,28099,701.6979621920462,687.6335443462581,0.0,0.0,0.0,1.0,0.0,0.0,0.0,1.0,0.0,0.0,1.0,0.0,0.0,0.0,1.0
319,700.0,51.0,705.6331317949237,8471,678.6636365033631,687.6335443462581,1.0,0.0,0.0,0.0,0.0,1.0,0.0,0.0,0.0,0.0,0.0,0.0,0.0,1.0,1.0
320,670.0,61.0,695.799965670853,35136,678.6636365033631,702.2716741801357,0.0,1.0,0.0,0.0,0.0,1.0,0.0,0.0,0.0,0.0,0.0,1.0,0.0,0.0,1.0
321,750.0,80.0,686.0797448849435,25085,710.7463805527138,702.2716741801357,0.0,0.0,1.0,0.0,0.0,1.0,0.0,0.0,0.0,0.0,0.0,1.0,0.0,0.0,1.0
322,740.0,33.0,705.6331317949237,8322,678.6636365033631,702.2716741801357,1.0,0.0,0.0,0.0,0.0,1.0,0.0,0.0,0.0,0.0,0.0,0.0,0.0,1.0,1.0
323,750.0,110.0,699.0963030617975,27976,701.6979621920462,687.6335443462581,0.0,0.0,0.0,0.0,1.0,0.0,1.0,0.0,0.0,0.0,0.0,1.0,0.0,0.0,1.0
324,750.0,62.0,705.6331317949237,5703,697.6398926981135,687.6335443462581,0.0,0.0,1.0,0.0,0.0,1.0,0.0,0.0,0.0,0.0,0.0,1.0,0.0,0.0,1.0
325,750.0,70.0,701.4047554950265,16273,678.6636365033631,702.2716741801357,1.0,0.0,0.0,0.0,0.0,1.0,0.0,0.0,0.0,0.0,0.0,0.0,0.0,1.0,1.0
326,650.0,28.0,705.6331317949237,5399,678.6636365033631,687.6335443462581,1.0,0.0,0.0,0.0,0.0,1.0,0.0,0.0,0.0,0.0,0.0,0.0,0.0,1.0,1.0
327,625.0,51.0,683.8160867356914,25010,696.0917641954768,702.2716741801357,0.0,1.0,0.0,0.0,0.0,1.0,0.0,0.0,0.0,0.0,0.0,1.0,0.0,0.0,1.0
328,700.0,35.0,705.6331317949237,2266,678.6636365033631,702.2716741801357,0.0,1.0,0.0,0.0,0.0,1.0,0.0,0.0,0.0,0.0,0.0,1.0,0.0,0.0,1.0
329,750.0,95.0,701.0123730059954,30759,701.6979621920462,687.6335443462581,0.0,0.0,1.0,0.0,0.0,0.0,1.0,0.0,0.0,0.0,0.0,1.0,0.0,0.0,1.0
330,600.0,25.0,705.6331317949237,3812,678.6636365033631,687.6335443462581,1.0,0.0,0.0,0.0,0.0,1.0,0.0,0.0,0.0,0.0,0.0,0.0,0.0,1.0,0.0
331,750.0,89.0,696.1649909275795,12878,696.0917641954768,702.2716741801357,0.0,0.0,1.0,0.0,0.0,0.0,1.0,0.0,0.0,0.0,0.0,1.0,0.0,0.0,1.0
332,700.0,55.0,679.7347132709223,32004,701.6979621920462,702.2716741801357,0.0,1.0,0.0,0.0,0.0,1.0,0.0,0.0,0.0,0.0,0.0,1.0,0.0,0.0,1.0
333,750.0,90.0,701.0123730059954,28736,696.0917641954768,702.2716741801357,0.0,0.0,0.0,1.0,0.0,0.0,1.0,0.0,0.0,0.0,0.0,1.0,0.0,0.0,1.0
334,750.0,48.0,705.6331317949237,6832,696.0917641954768,702.2716741801357,0.0,0.0,1.0,0.0,0.0,1.0,0.0,0.0,0.0,0.0,0.0,1.0,0.0,0.0,1.0
335,625.0,57.0,681.6927156331628,43647,678.6636365033631,687.6335443462581,0.0,0.0,1.0,0.0,0.0,1.0,0.0,0.0,0.0,0.0,0.0,1.0,0.0,0.0,1.0
336,750.0,46.0,701.4047554950265,16127,701.6979621920462,687.6335443462581,0.0,1.0,0.0,0.0,0.0,1.0,0.0,0.0,0.0,0.0,0.0,1.0,0.0,0.0,1.0
337,695.0,59.0,705.6331317949237,8595,710.7463805527138,702.2716741801357,0.0,1.0,0.0,0.0,0.0,1.0,0.0,0.0,0.0,0.0,0.0,1.0,0.0,0.0,1.0
338,450.0,40.0,665.5496067808734,46273,701.6979621920462,687.6335443462581,0.0,1.0,0.0,0.0,0.0,1.0,0.0,0.0,0.0,0.0,0.0,1.0,0.0,0.0,1.0
339,720.0,58.0,698.2726670638707,13451,678.6636365033631,687.6335443462581,0.0,0.0,1.0,0.0,0.0,1.0,0.0,0.0,0.0,0.0,0.0,1.0,0.0,0.0,1.0
340,745.0,73.0,699.6096264559128,28800,696.0917641954768,702.2716741801357,0.0,0.0,1.0,0.0,0.0,1.0,0.0,0.0,0.0,0.0,0.0,1.0,0.0,0.0,1.0
341,720.0,69.6,699.6096264559128,28624,696.0917641954768,702.2716741801357,0.0,0.0,1.0,0.0,0.0,1.0,0.0,0.0,0.0,0.0,0.0,1.0,0.0,0.0,1.0
342,750.0,55.0,705.6331317949237,7462,701.6979621920462,687.6335443462581,0.0,0.0,1.0,0.0,0.0,1.0,0.0,0.0,0.0,0.0,0.0,1.0,0.0,0.0,1.0
343,720.0,48.0,705.6331317949237,5808,701.6979621920462,702.2716741801357,1.0,0.0,0.0,0.0,0.0,1.0,0.0,0.0,0.0,0.0,0.0,0.0,0.0,1.0,1.0
344,725.0,44.0,705.6331317949237,1140,697.9685377881583,702.2716741801357,1.0,0.0,0.0,0.0,0.0,1.0,0.0,0.0,0.0,0.0,0.0,0.0,0.0,1.0,0.0
345,750.0,80.0,705.6331317949237,8011,698.291590668491,702.2716741801357,0.0,0.0,1.0,0.0,0.0,1.0,0.0,0.0,0.0,0.0,0.0,1.0,0.0,0.0,0.0
346,550.0,86.0,674.3203496837928,47448,701.6979621920462,702.2716741801357,0.0,0.0,1.0,0.0,0.0,1.0,0.0,0.0,0.0,0.0,0.0,1.0,0.0,0.0,1.0
347,640.0,69.0,686.0301123764625,29311,696.0917641954768,702.2716741801357,0.0,0.0,1.0,0.0,0.0,1.0,0.0,0.0,0.0,0.0,0.0,1.0,0.0,0.0,1.0
348,700.0,54.0,696.1649909275795,11656,701.6979621920462,702.2716741801357,0.0,1.0,0.0,0.0,0.0,1.0,0.0,0.0,0.0,0.0,0.0,1.0,0.0,0.0,1.0
349,700.0,59.0,705.6331317949237,7529,697.4660963834832,702.2716741801357,0.0,1.0,0.0,0.0,0.0,1.0,0.0,0.0,0.0,0.0,0.0,1.0,0.0,0.0,1.0
350,700.0,75.0,699.6096264559128,30359,701.6979621920462,687.6335443462581,0.0,0.0,1.0,0.0,0.0,1.0,0.0,0.0,0.0,0.0,0.0,1.0,0.0,0.0,1.0
351,695.0,62.0,693.1860784664274,15162,697.6398926981135,687.6335443462581,0.0,0.0,1.0,0.0,0.0,1.0,0.0,0.0,0.0,0.0,0.0,1.0,0.0,0.0,0.0
